29-Apr-23 22:23:18, SEbox_0010, 0, b'0-0,1-0,2-0,3-0,4-0,5-0,6-0,7-0,8-0,9-0,10-0'
29-Apr-23 22:23:18, PEbox_0010, 0, b'0-0,1-0,2-0,3-0,4-0,5-0,6-0,7-0,8-0,9-0,10-2163490834'
29-Apr-23 22:23:18, SEbox_0011, 0, b'0-0,1-0,2-0,3-0,4-0,5-0,6-0,7-0,8-0,9-0,10-0'
29-Apr-23 22:23:18, PEbox_0011, 0, b'0-0,1-0,2-0,3-0,4-0,5-0,6-0,7-0,8-0,9-0,10-170546010'
29-Apr-23 22:23:18, SEbox_0012, 0, b'0-0,1-0,2-0,3-0,4-0,5-0,6-0,7-0,8-0,9-0,10-0'
29-Apr-23 22:23:18, PEbox_0012, 0, b'0-0,1-0,2-0,3-0,4-0,5-0,6-0,7-0,8-0,9-0,10-2326904652'
29-Apr-23 22:23:18, SEbox_0013, 0, b'0-0,1-0,2-0,3-0,4-0,5-0,6-0,7-0,8-0,9-0,10-0'
29-Apr-23 22:23:18, PEbox_0013, 0, b'0-0,1-0,2-0,3-0,4-0,5-0,6-0,7-0,8-0,9-0,10-361901628'
29-Apr-23 22:23:18, SEbox_0014, 0, b'0-0,1-0,2-0,3-0,4-0,5-0,6-0,7-0,8-0,9-0,10-0'
29-Apr-23 22:23:18, PEbox_0014, 0, b'0-0,1-0,2-0,3-0,4-0,5-0,6-0,7-0,8-0,9-0,10-1393408667'
29-Apr-23 22:23:18, SEbox_0012, 0, b'0-0,1-0,2-0,3-0,4-0,5-0,6-0,7-0,8-0,9-0,10-0'
29-Apr-23 22:23:19, PEbox_0013, 0, b'0-0,1-0,2-0,3-0,4-0,5-0,6-0,7-0,8-0,9-0,10-361901733'
29-Apr-23 22:23:19, SEbox_0011, 0, b'0-0,1-0,2-0,3-0,4-0,5-0,6-0,7-0,8-0,9-0,10-0'
29-Apr-23 22:23:22, PEbox_0012, 0, b'0-0,1-0,2-0,3-0,4-0,5-0,6-0,7-0,8-0,9-0,10-2326904742'
29-Apr-23 22:23:22, PEbox_0011, 0, b'0-0,1-0,2-0,3-0,4-0,5-0,6-0,7-0,8-0,9-0,10-170546055'
29-Apr-23 22:23:25, SEbox_0010, 0, b'0-0,1-0,2-0,3-0,4-0,5-0,6-0,7-0,8-0,9-0,10-0'
29-Apr-23 22:23:28, PEbox_0010, 0, b'0-0,1-0,2-0,3-0,4-0,5-0,6-0,7-0,8-0,9-0,10-2163490924'
29-Apr-23 22:23:28, SEbox_0014, 0, b'0-0,1-0,2-0,3-0,4-0,5-0,6-0,7-0,8-0,9-0,10-0'
29-Apr-23 22:23:31, SEbox_0013, 0, b'0-0,1-0,2-0,3-0,4-0,5-0,6-0,7-0,8-0,9-0,10-0'
29-Apr-23 22:23:31, PEbox_0014, 0, b'0-0,1-0,2-0,3-0,4-0,5-0,6-0,7-0,8-0,9-0,10-1393408757'
29-Apr-23 22:23:34, SEbox_0012, 0, b'0-0,1-0,2-0,3-0,4-0,5-0,6-0,7-0,8-0,9-0,10-0'
29-Apr-23 22:23:34, SEbox_0011, 0, b'0-0,1-0,2-0,3-0,4-0,5-0,6-0,7-0,8-0,9-0,10-0'
29-Apr-23 22:23:34, PEbox_0013, 0, b'0-0,1-0,2-0,3-0,4-0,5-0,6-0,7-0,8-0,9-0,10-361901838'
29-Apr-23 22:23:37, PEbox_0012, 0, b'0-0,1-0,2-0,3-0,4-0,5-0,6-0,7-0,8-0,9-0,10-2326904832'
29-Apr-23 22:23:37, PEbox_0011, 0, b'0-0,1-0,2-0,3-0,4-0,5-0,6-0,7-0,8-0,9-0,10-170546100'
29-Apr-23 22:23:40, SEbox_0010, 0, b'0-0,1-0,2-0,3-0,4-0,5-0,6-0,7-0,8-0,9-0,10-0'
29-Apr-23 22:23:43, PEbox_0010, 0, b'0-0,1-0,2-0,3-0,4-0,5-0,6-0,7-0,8-0,9-0,10-2163491014'
29-Apr-23 22:23:44, SEbox_0014, 0, b'0-0,1-0,2-0,3-0,4-0,5-0,6-0,7-0,8-0,9-0,10-0'
29-Apr-23 22:23:46, SEbox_0013, 0, b'0-0,1-0,2-0,3-0,4-0,5-0,6-0,7-0,8-0,9-0,10-0'
29-Apr-23 22:23:47, PEbox_0014, 0, b'0-0,1-0,2-0,3-0,4-0,5-0,6-0,7-0,8-0,9-0,10-1393408847'
29-Apr-23 22:23:49, SEbox_0012, 0, b'0-0,1-0,2-0,3-0,4-0,5-0,6-0,7-0,8-0,9-0,10-0'
29-Apr-23 22:23:49, SEbox_0011, 0, b'0-0,1-0,2-0,3-0,4-0,5-0,6-0,7-0,8-0,9-0,10-0'
29-Apr-23 22:23:49, PEbox_0013, 0, b'0-0,1-0,2-0,3-0,4-0,5-0,6-0,7-0,8-0,9-0,10-361901943'
29-Apr-23 22:23:52, PEbox_0012, 0, b'0-0,1-0,2-0,3-0,4-0,5-0,6-0,7-0,8-0,9-0,10-2326904922'
29-Apr-23 22:23:52, PEbox_0011, 0, b'0-0,1-0,2-0,3-0,4-0,5-0,6-0,7-0,8-0,9-0,10-170546145'
29-Apr-23 22:23:56, SEbox_0010, 0, b'0-0,1-0,2-0,3-0,4-0,5-0,6-0,7-0,8-0,9-0,10-0'
29-Apr-23 22:23:59, PEbox_0010, 0, b'0-0,1-0,2-0,3-0,4-0,5-0,6-0,7-0,8-0,9-0,10-2163491104'
29-Apr-23 22:23:59, SEbox_0014, 0, b'0-0,1-0,2-0,3-0,4-0,5-0,6-0,7-0,8-0,9-0,10-0'
29-Apr-23 22:24:01, SEbox_0013, 0, b'0-0,1-0,2-0,3-0,4-0,5-0,6-0,7-0,8-0,9-0,10-0'
29-Apr-23 22:28:12, SEbox_0010, 0, b'0-0,1-0,2-0,3-0,4-0,5-0,6-0,7-0,8-0,9-0,10-0'
29-Apr-23 22:28:12, PEbox_0010, 0, b'0-0,1-0,2-0,3-0,4-0,5-0,6-0,7-0,8-0,9-0,10-2163492544'
29-Apr-23 22:28:12, SEbox_0011, 0, b'0-0,1-0,2-0,3-0,4-0,5-0,6-0,7-0,8-0,9-0,10-0'
29-Apr-23 22:28:12, PEbox_0011, 0, b'0-0,1-0,2-0,3-0,4-0,5-0,6-0,7-0,8-0,9-0,10-170546910'
29-Apr-23 22:28:12, SEbox_0012, 0, b'0-0,1-0,2-0,3-0,4-0,5-0,6-0,7-0,8-0,9-0,10-0'
29-Apr-23 22:28:12, PEbox_0012, 0, b'0-0,1-0,2-0,3-0,4-0,5-0,6-0,7-0,8-0,9-0,10-2326906452'
29-Apr-23 22:28:12, SEbox_0013, 0, b'0-0,1-0,2-0,3-0,4-0,5-0,6-0,7-0,8-0,9-0,10-0'
29-Apr-23 22:28:12, PEbox_0013, 0, b'0-0,1-0,2-0,3-0,4-0,5-0,6-0,7-0,8-0,9-0,10-361903728'
29-Apr-23 22:28:12, SEbox_0014, 0, b'0-0,1-0,2-0,3-0,4-0,5-0,6-0,7-0,8-0,9-0,10-0'
29-Apr-23 22:28:12, PEbox_0014, 0, b'0-0,1-0,2-0,3-0,4-0,5-0,6-0,7-0,8-0,9-0,10-1393410377'
29-Apr-23 22:28:12, SEbox_0015, 0, b'0-0,1-0,2-0,3-0,4-0,5-0,6-0,7-0,8-0,9-0,10-0'
29-Apr-23 22:28:12, PEbox_0015, 0, b'0-0,1-0,2-0,3-0,4-0,5-0,6-0,7-0,8-0,9-0,10-980764677'
29-Apr-23 22:28:12, SEbox_0016, 0, b'0-0,1-0,2-0,3-0,4-0,5-0,6-0,7-0,8-0,9-0,10-0'
29-Apr-23 22:28:12, PEbox_0016, 0, b'0-0,1-0,2-0,3-0,4-0,5-0,6-0,7-0,8-0,9-0,10-516250410'
29-Apr-23 22:28:12, SEbox_0017, 0, b'0-0,1-0,2-0,3-0,4-0,5-0,6-0,7-0,8-0,9-0,10-0'
29-Apr-23 22:28:12, PEbox_0017, 0, b'0-0,1-0,2-0,3-0,4-0,5-0,6-0,7-0,8-0,9-0,10-2711839870'
29-Apr-23 22:28:12, SEbox_0018, 0, b'0-0,1-0,2-0,3-0,4-0,5-0,6-0,7-0,8-0,9-0,10-0'
29-Apr-23 22:28:12, PEbox_0018, 0, b'0-0,1-0,2-0,3-0,4-0,5-0,6-0,7-0,8-0,9-0,10-311984348'
29-Apr-23 22:28:12, SEbox_0019, 0, b'0-0,1-0,2-0,3-0,4-0,5-0,6-0,7-0,8-0,9-0,10-0'
29-Apr-23 22:28:12, PEbox_0019, 0, b'0-0,1-0,2-0,3-0,4-0,5-0,6-0,7-0,8-0,9-0,10-585181110'
29-Apr-23 22:28:12, SEbox_0020, 0, b'0-0,1-0,2-0,3-0,4-0,5-0,6-0,7-0,8-0,9-0,10-0'
29-Apr-23 22:28:12, PEbox_0020, 0, b'0-0,1-0,2-0,3-0,4-0,5-0,6-0,7-0,8-0,9-0,10-1226992156'
29-Apr-23 22:28:12, SEbox_0021, 0, b'0-0,1-0,2-0,3-0,4-0,5-0,6-0,7-0,8-0,9-0,10-0'
29-Apr-23 22:28:12, PEbox_0021, 0, b'0-0,1-0,2-0,3-0,4-0,5-0,6-0,7-0,8-0,9-0,10-1743968138'
29-Apr-23 22:28:12, SEbox_0022, 0, b'0-0,1-0,2-0,3-0,4-0,5-0,6-0,7-0,8-0,9-0,10-0'
29-Apr-23 22:28:12, PEbox_0022, 0, b'0-0,1-0,2-0,3-0,4-0,5-0,6-0,7-0,8-0,9-0,10-3905271308'
29-Apr-23 22:28:13, SEbox_0023, 0, b'0-0,1-0,2-0,3-0,4-0,5-0,6-0,7-0,8-0,9-0,10-0'
29-Apr-23 22:28:13, PEbox_0023, 0, b'0-0,1-0,2-0,3-0,4-0,5-0,6-0,7-0,8-0,9-0,10-1420308450'
29-Apr-23 22:28:13, SEbox_0024, 0, b'0-0,1-0,2-0,3-0,4-0,5-0,6-0,7-0,8-0,9-0,10-5'
29-Apr-23 22:28:13, PEbox_0024, 0, b'0-0,1-0,2-0,3-0,4-0,5-0,6-0,7-0,8-0,9-0,10-945075149'
29-Apr-23 22:28:13, SEbox_0025, 0, b'0-0,1-0,2-0,3-0,4-0,5-0,6-0,7-0,8-0,9-0,10-5'
29-Apr-23 22:28:13, PEbox_0025, 0, b'0-0,1-0,2-0,3-0,4-0,5-0,6-0,7-0,8-0,9-0,10-352145559'
29-Apr-23 22:28:13, SEbox_0026, 0, b'0-0,1-0,2-0,3-0,4-0,5-0,6-0,7-0,8-0,9-0,10-0'
29-Apr-23 22:28:13, PEbox_0026, 0, b'0-0,1-0,2-0,3-0,4-0,5-0,6-0,7-0,8-0,9-0,10-1787046985'
29-Apr-23 22:28:13, SEbox_0027, 0, b'0-0,1-0,2-0,3-0,4-0,5-0,6-0,7-0,8-0,9-0,10-0'
29-Apr-23 22:28:13, PEbox_0027, 0, b'0-0,1-0,2-0,3-0,4-0,5-0,6-0,7-0,8-0,9-0,10-193937480'
29-Apr-23 22:28:13, SEbox_0028, 0, b'0-0,1-0,2-0,3-0,4-0,5-0,6-0,7-0,8-0,9-0,10-0'
29-Apr-23 22:28:13, PEbox_0028, 0, b'0-0,1-0,2-0,3-0,4-0,5-0,6-0,7-0,8-0,9-0,10-276496472'
29-Apr-23 22:28:13, SEbox_0029, 0, b'0-0,1-0,2-0,3-0,4-0,5-0,6-0,7-0,8-0,9-0,10-0'
29-Apr-23 22:28:13, PEbox_0029, 0, b'0-0,1-0,2-0,3-0,4-0,5-0,6-0,7-0,8-0,9-0,10-413046849'
29-Apr-23 22:28:13, SEbox_0030, 0, b'0-0,1-0,2-0,3-0,4-0,5-0,6-0,7-0,8-0,9-0,10-0'
29-Apr-23 22:28:13, PEbox_0030, 0, b'0-0,1-0,2-0,3-0,4-0,5-0,6-0,7-0,8-0,9-0,10-315287619'
29-Apr-23 22:28:13, SEbox_0031, 0, b'0-0,1-0,2-0,3-0,4-0,5-0,6-0,7-0,8-0,9-0,10-0'
29-Apr-23 22:28:13, PEbox_0031, 0, b'0-0,1-0,2-0,3-0,4-0,5-0,6-0,7-0,8-0,9-0,10-307239416'
29-Apr-23 22:28:13, SEbox_0032, 0, b'0-0,1-0,2-0,3-0,4-0,5-0,6-0,7-0,8-0,9-0,10-0'
29-Apr-23 22:28:13, PEbox_0032, 0, b'0-0,1-0,2-0,3-0,4-0,5-0,6-0,7-0,8-0,9-0,10-321600289'
29-Apr-23 22:28:13, SEbox_0033, 0, b'0-0,1-0,2-0,3-0,4-0,5-0,6-0,7-0,8-0,9-0,10-0'
29-Apr-23 22:28:13, PEbox_0033, 0, b'0-0,1-0,2-0,3-0,4-0,5-0,6-0,7-0,8-0,9-0,10-299178323'
29-Apr-23 22:28:13, SEbox_0034, 0, b'0-0,1-0,2-0,3-0,4-0,5-0,6-0,7-0,8-0,9-0,10-0'
29-Apr-23 22:28:13, PEbox_0034, 0, b'0-0,1-0,2-0,3-0,4-0,5-0,6-0,7-0,8-0,9-0,10-312134473'
29-Apr-23 22:28:13, SEbox_0035, 0, b'0-0,1-0,2-0,3-0,4-0,5-0,6-0,7-0,8-0,9-0,10-0'
29-Apr-23 22:28:13, PEbox_0035, 0, b'0-0,1-0,2-0,3-0,4-0,5-0,6-0,7-0,8-0,9-0,10-360790894'
29-Apr-23 22:28:13, SEbox_0036, 0, b'0-0,1-0,2-0,3-0,4-0,5-0,6-0,7-0,8-0,9-0,10-5'
29-Apr-23 22:28:13, PEbox_0036, 0, b'0-0,1-0,2-0,3-0,4-0,5-0,6-0,7-0,8-0,9-0,10-270112347'
29-Apr-23 22:28:13, SEbox_0037, 0, b'0-0,1-0,2-0,3-0,4-0,5-0,6-0,7-0,8-0,9-0,10-5'
29-Apr-23 22:28:13, PEbox_0037, 0, b'0-0,1-0,2-0,3-0,4-0,5-0,6-0,7-0,8-0,9-0,10-536322147'
29-Apr-23 22:28:13, SEbox_0038, 0, b'0-0,1-0,2-0,3-0,4-0,5-0,6-0,7-0,8-0,9-0,10-0'
29-Apr-23 22:28:13, PEbox_0038, 0, b'0-0,1-0,2-0,3-0,4-0,5-0,6-0,7-0,8-0,9-0,10-245255790'
29-Apr-23 22:28:13, SEbox_0039, 0, b'0-0,1-12,2-0,3-0,4-0,5-0,6-0,7-0,8-0,9-0,10-0'
29-Apr-23 22:28:13, PEbox_0039, 0, b'0-0,1-0,2-0,3-0,4-0,5-0,6-0,7-0,8-0,9-0,10-1342316129'
29-Apr-23 22:28:13, PEbox_0027, 0, b'0-0,1-0,2-0,3-0,4-0,5-0,6-0,7-0,8-0,9-0,10-193937570'
29-Apr-23 22:28:13, SEbox_0060, 0, b'0-0,1-0,2-0,3-0,4-0,5-0,6-0,7-0,8-0,9-0,10-0'
29-Apr-23 22:28:13, PEbox_0060, 0, b'0-0,1-0,2-0,3-0,4-0,5-0,6-0,7-0,8-0,9-0,10-168591866'
29-Apr-23 22:28:13, SEbox_0061, 0, b'0-0,1-0,2-0,3-0,4-0,5-0,6-0,7-0,8-0,9-0,10-0'
29-Apr-23 22:28:13, PEbox_0061, 0, b'0-0,1-0,2-0,3-0,4-0,5-0,6-0,7-0,8-0,9-0,10-166609779'
29-Apr-23 22:28:13, SEbox_0062, 0, b'0-0,1-0,2-0,3-0,4-0,5-0,6-0,7-0,8-0,9-0,10-0'
29-Apr-23 22:28:13, PEbox_0062, 0, b'0-0,1-0,2-0,3-0,4-0,5-0,6-0,7-0,8-0,9-0,10-173109999'
29-Apr-23 22:28:13, SEbox_0063, 0, b'0-0,1-0,2-0,3-0,4-0,5-0,6-0,7-0,8-0,9-0,10-0'
29-Apr-23 22:28:13, PEbox_0063, 0, b'0-0,1-0,2-0,3-0,4-0,5-0,6-0,7-0,8-0,9-0,10-165816618'
29-Apr-23 22:28:13, SEbox_0064, 0, b'0-0,1-0,2-0,3-0,4-0,5-0,6-0,7-0,8-0,9-0,10-5'
29-Apr-23 22:28:13, PEbox_0064, 0, b'0-0,1-0,2-0,3-0,4-0,5-0,6-0,7-0,8-0,9-0,10-161106710'
29-Apr-23 22:28:13, SEbox_0065, 0, b'0-0,1-0,2-0,3-0,4-0,5-0,6-0,7-0,8-0,9-0,10-0'
29-Apr-23 22:28:13, PEbox_0065, 0, b'0-0,1-0,2-0,3-0,4-0,5-0,6-0,7-0,8-0,9-0,10-169320876'
29-Apr-23 22:28:13, SEbox_0066, 0, b'0-0,1-0,2-0,3-0,4-0,5-0,6-0,7-0,8-0,9-0,10-0'
29-Apr-23 22:28:13, PEbox_0066, 0, b'0-0,1-0,2-0,3-0,4-0,5-0,6-0,7-0,8-0,9-0,10-164138836'
29-Apr-23 22:28:13, SEbox_0067, 0, b'0-6,1-0,2-0,3-0,4-0,5-0,6-0,7-0,8-0,9-0,10-0'
29-Apr-23 22:28:13, PEbox_0067, 0, b'0-0,1-0,2-0,3-0,4-0,5-0,6-0,7-0,8-0,9-0,10-169642974'
29-Apr-23 22:28:13, SEbox_0068, 0, b'0-0,1-0,2-0,3-0,4-0,5-0,6-0,7-0,8-0,9-0,10-5'
29-Apr-23 22:28:13, PEbox_0068, 0, b'0-0,1-0,2-0,3-0,4-0,5-0,6-0,7-0,8-0,9-0,10-79384495'
29-Apr-23 22:28:13, SEbox_0070, 0, b'0-0,1-0,2-0,3-0,4-0,5-0,6-0,7-0,8-0,9-0,10-0'
29-Apr-23 22:28:13, PEbox_0070, 0, b'0-0,1-0,2-0,3-0,4-0,5-0,6-0,7-0,8-0,9-0,10-147429628'
29-Apr-23 22:28:13, SEbox_0071, 0, b'0-0,1-0,2-0,3-0,4-0,5-0,6-0,7-0,8-0,9-0,10-0'
29-Apr-23 22:28:13, PEbox_0071, 0, b'0-0,1-0,2-0,3-0,4-0,5-0,6-0,7-0,8-0,9-0,10-204267164'
29-Apr-23 22:28:13, SEbox_0072, 0, b'0-0,1-0,2-0,3-0,4-0,5-0,6-0,7-0,8-0,9-0,10-0'
29-Apr-23 22:28:13, PEbox_0072, 0, b'0-0,1-0,2-0,3-0,4-0,5-0,6-0,7-0,8-0,9-0,10-145941878'
29-Apr-23 22:28:13, SEbox_0073, 0, b'0-0,1-0,2-0,3-0,4-0,5-0,6-0,7-0,8-0,9-0,10-0'
29-Apr-23 22:28:13, PEbox_0073, 0, b'0-0,1-0,2-0,3-0,4-0,5-0,6-0,7-0,8-0,9-0,10-456857837'
29-Apr-23 22:28:13, SEbox_0074, 0, b'0-0,1-0,2-0,3-0,4-0,5-0,6-0,7-0,8-0,9-0,10-0'
29-Apr-23 22:28:13, PEbox_0074, 0, b'0-0,1-0,2-0,3-0,4-0,5-0,6-0,7-0,8-0,9-0,10-552282501'
29-Apr-23 22:28:13, SEbox_0075, 0, b'0-0,1-0,2-0,3-0,4-0,5-0,6-0,7-0,8-0,9-0,10-0'
29-Apr-23 22:28:13, PEbox_0075, 0, b'0-0,1-0,2-0,3-0,4-0,5-0,6-0,7-0,8-0,9-0,10-516475707'
29-Apr-23 22:28:13, SEbox_0076, 0, b'0-0,1-0,2-0,3-0,4-0,5-0,6-0,7-0,8-0,9-0,10-0'
29-Apr-23 22:28:13, PEbox_0076, 0, b'0-0,1-0,2-0,3-0,4-0,5-0,6-0,7-0,8-0,9-0,10-232419193'
29-Apr-23 22:28:13, SEbox_0077, 0, b'0-0,1-0,2-0,3-0,4-0,5-0,6-0,7-0,8-0,9-0,10-0'
29-Apr-23 22:28:13, PEbox_0077, 0, b'0-0,1-0,2-0,3-0,4-0,5-0,6-0,7-0,8-0,9-0,10-958439240'
29-Apr-23 22:28:13, SEbox_0078, 0, b'0-0,1-0,2-0,3-0,4-0,5-0,6-0,7-0,8-0,9-0,10-0'
29-Apr-23 22:28:13, PEbox_0078, 0, b'0-0,1-0,2-0,3-0,4-0,5-0,6-0,7-0,8-0,9-0,10-67317615'
29-Apr-23 22:28:13, SEbox_0079, 0, b'0-0,1-0,2-0,3-0,4-0,5-0,6-0,7-0,8-0,9-0,10-0'
29-Apr-23 22:28:13, PEbox_0079, 0, b'0-0,1-0,2-0,3-0,4-0,5-0,6-0,7-0,8-0,9-0,10-77552886'
29-Apr-23 22:28:13, SEbox_0080, 0, b'0-0,1-0,2-0,3-0,4-0,5-0,6-0,7-0,8-0,9-0,10-0'
29-Apr-23 22:28:13, PEbox_0080, 0, b'0-0,1-0,2-0,3-0,4-0,5-0,6-0,7-0,8-0,9-0,10-117542893'
29-Apr-23 22:28:13, SEbox_0081, 0, b'0-0,1-0,2-0,3-0,4-0,5-0,6-0,7-0,8-0,9-0,10-0'
29-Apr-23 22:28:13, PEbox_0016, 0, b'0-0,1-0,2-0,3-0,4-0,5-0,6-0,7-0,8-0,9-0,10-516250515'
29-Apr-23 22:28:13, PEbox_0022, 0, b'0-0,1-0,2-0,3-0,4-0,5-0,6-0,7-0,8-0,9-0,10-3905271398'
29-Apr-23 22:28:13, PEbox_0081, 0, b'0-0,1-0,2-0,3-0,4-0,5-0,6-0,7-0,8-0,9-0,10-85348907'
29-Apr-23 22:28:13, SEbox_0082, 0, b'0-0,1-0,2-0,3-0,4-0,5-0,6-0,7-0,8-0,9-0,10-0'
29-Apr-23 22:28:13, PEbox_0082, 0, b'0-0,1-0,2-0,3-0,4-0,5-0,6-0,7-0,8-0,9-0,10-29197133'
29-Apr-23 22:28:13, SEbox_0083, 0, b'0-0,1-0,2-0,3-0,4-0,5-0,6-0,7-0,8-0,9-0,10-0'
29-Apr-23 22:28:13, PEbox_0083, 0, b'0-0,1-0,2-0,3-0,4-0,5-0,6-0,7-0,8-0,9-0,10-61499671'
29-Apr-23 22:28:13, SEbox_0085, 0, b'0-0,1-0,2-0,3-0,4-0,5-0,6-0,7-0,8-0,9-0,10-5'
29-Apr-23 22:28:13, PEbox_0085, 0, b'0-0,1-0,2-0,3-0,4-0,5-0,6-0,7-0,8-0,9-0,10-26537446'
29-Apr-23 22:28:13, SEbox_0086, 0, b'0-0,1-0,2-0,3-0,4-0,5-0,6-0,7-0,8-0,9-0,10-0'
29-Apr-23 22:28:13, PEbox_0086, 0, b'0-0,1-0,2-0,3-0,4-0,5-0,6-0,7-0,8-0,9-0,10-37782948'
29-Apr-23 22:28:13, SEbox_0087, 0, b'0-0,1-0,2-0,3-0,4-0,5-0,6-0,7-0,8-0,9-0,10-0'
29-Apr-23 22:28:13, PEbox_0087, 0, b'0-0,1-0,2-0,3-0,4-0,5-0,6-0,7-0,8-0,9-0,10-6448902'
29-Apr-23 22:28:13, SEbox_0088, 0, b'0-0,1-0,2-0,3-0,4-0,5-0,6-6,7-6,8-6,9-6,10-0'
29-Apr-23 22:28:13, PEbox_0088, 0, b'0-0,1-0,2-0,3-0,4-0,5-0,6-0,7-0,8-0,9-0,10-244754105'
29-Apr-23 22:28:13, SEbox_0073, 0, b'0-0,1-0,2-0,3-0,4-0,5-0,6-0,7-0,8-0,9-0,10-0'
29-Apr-23 22:28:13, SEbox_0089, 0, b'0-0,1-0,2-0,3-0,4-0,5-0,6-0,7-0,8-0,9-0,10-5'
29-Apr-23 22:28:13, PEbox_0089, 0, b'0-0,1-0,2-0,3-0,4-0,5-0,6-0,7-0,8-0,9-0,10-13235706'
29-Apr-23 22:28:13, PEbox_0030, 0, b'0-0,1-0,2-0,3-0,4-0,5-0,6-0,7-0,8-0,9-0,10-315287709'
29-Apr-23 22:28:13, SEbox_0080, 0, b'0-0,1-0,2-0,3-0,4-0,5-0,6-0,7-0,8-0,9-0,10-0'
29-Apr-23 22:28:14, SEbox_0028, 0, b'0-0,1-0,2-0,3-0,4-0,5-0,6-0,7-0,8-0,9-0,10-0'
29-Apr-23 22:28:14, PEbox_0018, 0, b'0-0,1-0,2-0,3-0,4-0,5-0,6-0,7-0,8-0,9-0,10-311984438'
29-Apr-23 22:28:14, SEbox_0070, 0, b'0-0,1-0,2-0,3-0,4-0,5-0,6-0,7-0,8-0,9-0,10-0'
29-Apr-23 22:28:14, PEbox_0039, 0, b'0-0,1-0,2-0,3-0,4-0,5-0,6-0,7-0,8-0,9-0,10-1342316219'
29-Apr-23 22:28:14, PEbox_0082, 0, b'0-0,1-0,2-0,3-0,4-0,5-0,6-0,7-0,8-0,9-0,10-29197223'
29-Apr-23 22:28:14, PEbox_0072, 0, b'0-0,1-0,2-0,3-0,4-0,5-0,6-0,7-0,8-0,9-0,10-145941968'
29-Apr-23 22:28:14, SEbox_0065, 0, b'0-0,1-0,2-0,3-0,4-0,5-0,6-0,7-0,8-0,9-0,10-0'
29-Apr-23 22:28:14, SEbox_0071, 0, b'0-0,1-0,2-0,3-0,4-0,5-0,6-0,7-0,8-0,9-0,10-0'
29-Apr-23 22:28:14, SEbox_0023, 0, b'0-0,1-0,2-0,3-0,4-0,5-0,6-0,7-0,8-0,9-0,10-0'
29-Apr-23 22:28:15, SEbox_0079, 0, b'0-0,1-0,2-0,3-0,4-0,5-0,6-0,7-0,8-0,9-0,10-0'
29-Apr-23 22:28:15, PEbox_0088, 0, b'0-0,1-0,2-0,3-0,4-0,5-0,6-0,7-0,8-0,9-0,10-244754195'
29-Apr-23 22:28:15, SEbox_0033, 0, b'0-0,1-0,2-0,3-0,4-0,5-0,6-0,7-0,8-0,9-0,10-0'
29-Apr-23 22:28:15, PEbox_0038, 0, b'0-0,1-0,2-0,3-0,4-0,5-0,6-0,7-0,8-0,9-0,10-245255880'
29-Apr-23 22:28:15, SEbox_0021, 0, b'0-0,1-0,2-0,3-0,4-0,5-0,6-0,7-0,8-0,9-0,10-0'
29-Apr-23 22:28:15, PEbox_0067, 0, b'0-0,1-0,2-0,3-0,4-0,5-0,6-0,7-0,8-0,9-0,10-169643064'
29-Apr-23 22:28:16, PEbox_0087, 0, b'0-0,1-0,2-0,3-0,4-0,5-0,6-0,7-0,8-0,9-0,10-6448992'
29-Apr-23 22:28:16, PEbox_0073, 0, b'0-0,1-0,2-0,3-0,4-0,5-0,6-0,7-0,8-0,9-0,10-456857927'
29-Apr-23 22:28:16, PEbox_0080, 0, b'0-0,1-0,2-0,3-0,4-0,5-0,6-0,7-0,8-0,9-0,10-117542983'
29-Apr-23 22:28:17, PEbox_0028, 0, b'0-0,1-0,2-0,3-0,4-0,5-0,6-0,7-0,8-0,9-0,10-276496577'
29-Apr-23 22:28:17, SEbox_0077, 0, b'0-0,1-0,2-0,3-0,4-0,5-0,6-0,7-0,8-0,9-0,10-0'
29-Apr-23 22:28:17, PEbox_0070, 0, b'0-0,1-0,2-0,3-0,4-0,5-0,6-0,7-0,8-0,9-0,10-147429718'
29-Apr-23 22:28:17, PEbox_0065, 0, b'0-0,1-0,2-0,3-0,4-0,5-0,6-0,7-0,8-0,9-0,10-169320966'
29-Apr-23 22:28:17, SEbox_0010, 0, b'0-0,1-0,2-0,3-0,4-0,5-0,6-0,7-0,8-0,9-0,10-0'
29-Apr-23 22:28:17, PEbox_0071, 0, b'0-0,1-0,2-0,3-0,4-0,5-0,6-0,7-0,8-0,9-0,10-204267254'
29-Apr-23 22:28:17, PEbox_0023, 0, b'0-0,1-0,2-0,3-0,4-0,5-0,6-0,7-0,8-0,9-0,10-1420308540'
29-Apr-23 22:28:17, PEbox_0079, 0, b'0-0,1-0,2-0,3-0,4-0,5-0,6-0,7-0,8-0,9-0,10-77552976'
29-Apr-23 22:28:18, SEbox_0026, 0, b'0-0,1-0,2-0,3-0,4-0,5-0,6-0,7-0,8-0,9-0,10-0'
29-Apr-23 22:28:18, PEbox_0033, 0, b'0-0,1-0,2-0,3-0,4-0,5-0,6-0,7-0,8-0,9-0,10-299178413'
29-Apr-23 22:28:18, PEbox_0021, 0, b'0-0,1-0,2-0,3-0,4-0,5-0,6-0,7-0,8-0,9-0,10-1743968228'
29-Apr-23 22:28:18, SEbox_0063, 0, b'0-0,1-0,2-0,3-0,4-0,5-0,6-0,7-0,8-0,9-0,10-0'
29-Apr-23 22:28:19, SEbox_0029, 0, b'0-0,1-0,2-0,3-0,4-0,5-0,6-0,7-0,8-0,9-0,10-0'
29-Apr-23 22:28:19, SEbox_0083, 0, b'0-0,1-0,2-0,3-0,4-0,5-0,6-0,7-0,8-0,9-0,10-0'
29-Apr-23 22:28:19, SEbox_0032, 0, b'0-0,1-0,2-0,3-0,4-0,5-0,6-0,7-0,8-0,9-0,10-0'
29-Apr-23 22:28:20, SEbox_0081, 0, b'0-0,1-0,2-0,3-0,4-0,5-0,6-0,7-0,8-0,9-0,10-0'
29-Apr-23 22:28:20, SEbox_0060, 0, b'0-0,1-0,2-0,3-0,4-0,5-0,6-0,7-0,8-0,9-0,10-0'
29-Apr-23 22:28:20, SEbox_0012, 0, b'0-0,1-0,2-0,3-0,4-0,5-0,6-0,7-0,8-0,9-0,10-0'
29-Apr-23 22:28:20, SEbox_0061, 0, b'0-0,1-0,2-0,3-0,4-0,5-0,6-0,7-0,8-0,9-0,10-0'
29-Apr-23 22:28:20, PEbox_0077, 0, b'0-0,1-0,2-0,3-0,4-0,5-0,6-0,7-0,8-0,9-0,10-958439330'
29-Apr-23 22:28:20, SEbox_0013, 0, b'0-0,1-0,2-0,3-0,4-0,5-0,6-0,7-0,8-0,9-0,10-0'
29-Apr-23 22:28:20, SEbox_0017, 0, b'0-0,1-0,2-0,3-0,4-0,5-0,6-0,7-0,8-0,9-0,10-0'
29-Apr-23 22:28:20, PEbox_0010, 0, b'0-0,1-0,2-0,3-0,4-0,5-0,6-0,7-0,8-0,9-0,10-2163492634'
29-Apr-23 22:28:21, PEbox_0026, 0, b'0-0,1-0,2-0,3-0,4-0,5-0,6-0,7-0,8-0,9-0,10-1787047075'
29-Apr-23 22:28:21, SEbox_0014, 0, b'0-0,1-0,2-0,3-0,4-0,5-0,6-0,7-0,8-0,9-0,10-0'
29-Apr-23 22:28:21, SEbox_0074, 0, b'0-0,1-0,2-0,3-0,4-0,5-0,6-0,7-0,8-0,9-0,10-0'
29-Apr-23 22:28:21, SEbox_0062, 0, b'0-0,1-0,2-0,3-0,4-0,5-0,6-0,7-0,8-0,9-0,10-0'
29-Apr-23 22:28:21, PEbox_0063, 0, b'0-0,1-0,2-0,3-0,4-0,5-0,6-0,7-0,8-0,9-0,10-165816708'
29-Apr-23 22:28:21, SEbox_0066, 0, b'0-0,1-0,2-0,3-0,4-0,5-0,6-0,7-0,8-0,9-0,10-0'
29-Apr-23 22:28:22, PEbox_0029, 0, b'0-0,1-0,2-0,3-0,4-0,5-0,6-0,7-0,8-0,9-0,10-413046939'
29-Apr-23 22:28:22, SEbox_0035, 0, b'0-0,1-0,2-0,3-0,4-0,5-0,6-0,7-0,8-0,9-0,10-0'
29-Apr-23 22:28:22, PEbox_0083, 0, b'0-0,1-0,2-0,3-0,4-0,5-0,6-0,7-0,8-0,9-0,10-61499761'
29-Apr-23 22:28:22, SEbox_0086, 0, b'0-0,1-0,2-0,3-0,4-0,5-0,6-0,7-0,8-0,9-0,10-0'
29-Apr-23 22:28:22, PEbox_0032, 0, b'0-0,1-0,2-0,3-0,4-0,5-0,6-0,7-0,8-0,9-0,10-321600379'
29-Apr-23 22:28:22, SEbox_0078, 0, b'0-0,1-0,2-0,3-0,4-0,5-0,6-0,7-0,8-0,9-0,10-0'
29-Apr-23 22:28:22, SEbox_0020, 0, b'0-0,1-0,2-0,3-0,4-0,5-0,6-0,7-0,8-0,9-0,10-0'
29-Apr-23 22:28:22, PEbox_0060, 0, b'0-0,1-0,2-0,3-0,4-0,5-0,6-0,7-0,8-0,9-0,10-168591956'
29-Apr-23 22:28:22, SEbox_0019, 0, b'0-0,1-0,2-0,3-0,4-0,5-0,6-0,7-0,8-0,9-0,10-0'
29-Apr-23 22:28:22, PEbox_0081, 0, b'0-0,1-0,2-0,3-0,4-0,5-0,6-0,7-0,8-0,9-0,10-85349012'
29-Apr-23 22:28:23, SEbox_0011, 0, b'0-0,1-0,2-0,3-0,4-0,5-0,6-0,7-0,8-0,9-0,10-0'
29-Apr-23 22:28:23, SEbox_0015, 0, b'0-0,1-0,2-0,3-0,4-0,5-0,6-0,7-0,8-0,9-0,10-0'
29-Apr-23 22:28:23, PEbox_0012, 0, b'0-0,1-0,2-0,3-0,4-0,5-0,6-0,7-0,8-0,9-0,10-2326906542'
29-Apr-23 22:28:23, PEbox_0061, 0, b'0-0,1-0,2-0,3-0,4-0,5-0,6-0,7-0,8-0,9-0,10-166609869'
29-Apr-23 22:28:23, PEbox_0013, 0, b'0-0,1-0,2-0,3-0,4-0,5-0,6-0,7-0,8-0,9-0,10-361903833'
29-Apr-23 22:28:24, PEbox_0017, 0, b'0-0,1-0,2-0,3-0,4-0,5-0,6-0,7-0,8-0,9-0,10-2711839960'
29-Apr-23 22:28:24, SEbox_0034, 0, b'0-0,1-0,2-0,3-0,4-0,5-0,6-0,7-0,8-0,9-0,10-0'
29-Apr-23 22:28:24, SEbox_0076, 0, b'0-0,1-0,2-0,3-0,4-0,5-0,6-0,7-0,8-0,9-0,10-0'
29-Apr-23 22:28:24, PEbox_0014, 0, b'0-0,1-0,2-0,3-0,4-0,5-0,6-0,7-0,8-0,9-0,10-1393410467'
29-Apr-23 22:28:24, PEbox_0074, 0, b'0-0,1-0,2-0,3-0,4-0,5-0,6-0,7-0,8-0,9-0,10-552282591'
29-Apr-23 22:28:24, SEbox_0075, 0, b'0-0,1-0,2-0,3-0,4-0,5-0,6-0,7-0,8-0,9-0,10-0'
29-Apr-23 22:28:24, SEbox_0031, 0, b'0-0,1-0,2-0,3-0,4-0,5-0,6-0,7-0,8-0,9-0,10-0'
29-Apr-23 22:28:24, PEbox_0062, 0, b'0-0,1-0,2-0,3-0,4-0,5-0,6-0,7-0,8-0,9-0,10-173110089'
29-Apr-23 22:28:24, SEbox_0027, 0, b'0-0,1-0,2-0,3-0,4-0,5-0,6-0,7-0,8-0,9-0,10-0'
29-Apr-23 22:28:25, PEbox_0066, 0, b'0-0,1-0,2-0,3-0,4-0,5-0,6-0,7-0,8-0,9-0,10-164138926'
29-Apr-23 22:28:25, SEbox_0030, 0, b'0-0,1-0,2-0,3-0,4-0,5-0,6-0,7-0,8-0,9-0,10-0'
29-Apr-23 22:28:25, SEbox_0016, 0, b'0-0,1-0,2-0,3-0,4-0,5-0,6-0,7-0,8-0,9-0,10-0'
29-Apr-23 22:28:25, PEbox_0035, 0, b'0-0,1-0,2-0,3-0,4-0,5-0,6-0,7-0,8-0,9-0,10-360790984'
29-Apr-23 22:28:25, SEbox_0022, 0, b'0-0,1-0,2-0,3-0,4-0,5-0,6-0,7-0,8-0,9-0,10-0'
29-Apr-23 22:28:25, PEbox_0086, 0, b'0-0,1-0,2-0,3-0,4-0,5-0,6-0,7-0,8-0,9-0,10-37783038'
29-Apr-23 22:28:25, PEbox_0078, 0, b'0-0,1-0,2-0,3-0,4-0,5-0,6-0,7-0,8-0,9-0,10-67317705'
29-Apr-23 22:28:25, PEbox_0020, 0, b'0-0,1-0,2-0,3-0,4-0,5-0,6-0,7-0,8-0,9-0,10-1226992246'
29-Apr-23 22:28:25, SEbox_0088, 0, b'0-0,1-0,2-0,3-0,4-0,5-0,6-6,7-6,8-6,9-6,10-0'
29-Apr-23 22:28:25, PEbox_0019, 0, b'0-0,1-0,2-0,3-0,4-0,5-0,6-0,7-0,8-0,9-0,10-585181200'
29-Apr-23 22:28:26, PEbox_0011, 0, b'0-0,1-0,2-0,3-0,4-0,5-0,6-0,7-0,8-0,9-0,10-170546955'
29-Apr-23 22:28:26, PEbox_0015, 0, b'0-0,1-0,2-0,3-0,4-0,5-0,6-0,7-0,8-0,9-0,10-980764767'
29-Apr-23 22:28:26, SEbox_0018, 0, b'0-0,1-0,2-0,3-0,4-0,5-0,6-0,7-0,8-0,9-0,10-0'
29-Apr-23 22:28:26, SEbox_0082, 0, b'0-0,1-0,2-0,3-0,4-0,5-0,6-0,7-0,8-0,9-0,10-0'
29-Apr-23 22:28:26, SEbox_0072, 0, b'0-0,1-0,2-0,3-0,4-0,5-0,6-0,7-0,8-0,9-0,10-0'
29-Apr-23 22:28:26, SEbox_0039, 0, b'0-0,1-12,2-0,3-0,4-0,5-0,6-0,7-0,8-0,9-0,10-0'
29-Apr-23 22:28:27, PEbox_0034, 0, b'0-0,1-0,2-0,3-0,4-0,5-0,6-0,7-0,8-0,9-0,10-312134563'
29-Apr-23 22:28:27, PEbox_0076, 0, b'0-0,1-0,2-0,3-0,4-0,5-0,6-0,7-0,8-0,9-0,10-232419238'
29-Apr-23 22:28:27, PEbox_0075, 0, b'0-0,1-0,2-0,3-0,4-0,5-0,6-0,7-0,8-0,9-0,10-516475797'
29-Apr-23 22:28:27, PEbox_0031, 0, b'0-0,1-0,2-0,3-0,4-0,5-0,6-0,7-0,8-0,9-0,10-307239506'
29-Apr-23 22:28:27, SEbox_0038, 0, b'0-0,1-0,2-0,3-0,4-0,5-0,6-0,7-0,8-0,9-0,10-0'
29-Apr-23 22:28:27, SEbox_0067, 0, b'0-6,1-0,2-0,3-0,4-0,5-0,6-0,7-0,8-0,9-0,10-0'
29-Apr-23 22:28:27, PEbox_0027, 0, b'0-0,1-0,2-0,3-0,4-0,5-0,6-0,7-0,8-0,9-0,10-193937660'
29-Apr-23 22:28:27, SEbox_0087, 0, b'0-0,1-0,2-0,3-0,4-0,5-0,6-0,7-0,8-0,9-0,10-0'
29-Apr-23 22:28:28, PEbox_0030, 0, b'0-0,1-0,2-0,3-0,4-0,5-0,6-0,7-0,8-0,9-0,10-315287799'
29-Apr-23 22:28:28, PEbox_0016, 0, b'0-0,1-0,2-0,3-0,4-0,5-0,6-0,7-0,8-0,9-0,10-516250620'
29-Apr-23 22:28:28, SEbox_0073, 0, b'0-0,1-0,2-0,3-0,4-0,5-0,6-0,7-0,8-0,9-0,10-0'
29-Apr-23 22:28:28, PEbox_0022, 0, b'0-0,1-0,2-0,3-0,4-0,5-0,6-0,7-0,8-0,9-0,10-3905271488'
29-Apr-23 22:28:28, SEbox_0080, 0, b'0-0,1-0,2-0,3-0,4-0,5-0,6-0,7-0,8-0,9-0,10-0'
29-Apr-23 22:28:28, PEbox_0088, 0, b'0-0,1-0,2-0,3-0,4-0,5-0,6-0,7-0,8-0,9-0,10-244754285'
29-Apr-23 22:28:29, PEbox_0018, 0, b'0-0,1-0,2-0,3-0,4-0,5-0,6-0,7-0,8-0,9-0,10-311984528'
29-Apr-23 22:28:29, SEbox_0028, 0, b'0-0,1-0,2-0,3-0,4-0,5-0,6-0,7-0,8-0,9-0,10-0'
29-Apr-23 22:28:29, PEbox_0082, 0, b'0-0,1-0,2-0,3-0,4-0,5-0,6-0,7-0,8-0,9-0,10-29197313'
29-Apr-23 22:28:29, SEbox_0070, 0, b'0-0,1-0,2-0,3-0,4-0,5-0,6-0,7-0,8-0,9-0,10-0'
29-Apr-23 22:28:29, PEbox_0072, 0, b'0-0,1-0,2-0,3-0,4-0,5-0,6-0,7-0,8-0,9-0,10-145942058'
29-Apr-23 22:28:29, SEbox_0065, 0, b'0-0,1-0,2-0,3-0,4-0,5-0,6-0,7-0,8-0,9-0,10-0'
29-Apr-23 22:28:29, PEbox_0039, 0, b'0-0,1-0,2-0,3-0,4-0,5-0,6-0,7-0,8-0,9-0,10-1342316309'
29-Apr-23 22:28:29, SEbox_0071, 0, b'0-0,1-0,2-0,3-0,4-0,5-0,6-0,7-0,8-0,9-0,10-0'
29-Apr-23 22:28:30, SEbox_0079, 0, b'0-0,1-0,2-0,3-0,4-0,5-0,6-0,7-0,8-0,9-0,10-0'
29-Apr-23 22:28:30, SEbox_0023, 0, b'0-0,1-0,2-0,3-0,4-0,5-0,6-0,7-0,8-0,9-0,10-0'
29-Apr-23 22:28:30, SEbox_0033, 0, b'0-0,1-0,2-0,3-0,4-0,5-0,6-0,7-0,8-0,9-0,10-0'
29-Apr-23 22:28:30, PEbox_0038, 0, b'0-0,1-0,2-0,3-0,4-0,5-0,6-0,7-0,8-0,9-0,10-245255970'
29-Apr-23 22:28:30, PEbox_0067, 0, b'0-0,1-0,2-0,3-0,4-0,5-0,6-0,7-0,8-0,9-0,10-169643154'
29-Apr-23 22:28:30, PEbox_0087, 0, b'0-0,1-0,2-0,3-0,4-0,5-0,6-0,7-0,8-0,9-0,10-6449082'
29-Apr-23 22:28:30, SEbox_0021, 0, b'0-0,1-0,2-0,3-0,4-0,5-0,6-0,7-0,8-0,9-0,10-0'
29-Apr-23 22:28:31, PEbox_0073, 0, b'0-0,1-0,2-0,3-0,4-0,5-0,6-0,7-0,8-0,9-0,10-456858017'
29-Apr-23 22:28:31, PEbox_0080, 0, b'0-0,1-0,2-0,3-0,4-0,5-0,6-0,7-0,8-0,9-0,10-117543073'
29-Apr-23 22:28:32, PEbox_0028, 0, b'0-0,1-0,2-0,3-0,4-0,5-0,6-0,7-0,8-0,9-0,10-276496682'
29-Apr-23 22:28:32, PEbox_0070, 0, b'0-0,1-0,2-0,3-0,4-0,5-0,6-0,7-0,8-0,9-0,10-147429808'
29-Apr-23 22:28:32, SEbox_0077, 0, b'0-0,1-0,2-0,3-0,4-0,5-0,6-0,7-0,8-0,9-0,10-0'
29-Apr-23 22:28:32, PEbox_0065, 0, b'0-0,1-0,2-0,3-0,4-0,5-0,6-0,7-0,8-0,9-0,10-169321056'
29-Apr-23 22:28:33, PEbox_0071, 0, b'0-0,1-0,2-0,3-0,4-0,5-0,6-0,7-0,8-0,9-0,10-204267344'
29-Apr-23 22:28:33, PEbox_0079, 0, b'0-0,1-0,2-0,3-0,4-0,5-0,6-0,7-0,8-0,9-0,10-77553066'
29-Apr-23 22:28:33, SEbox_0010, 0, b'0-0,1-0,2-0,3-0,4-0,5-0,6-0,7-0,8-0,9-0,10-0'
29-Apr-23 22:28:33, PEbox_0023, 0, b'0-0,1-0,2-0,3-0,4-0,5-0,6-0,7-0,8-0,9-0,10-1420308630'
29-Apr-23 22:28:33, SEbox_0026, 0, b'0-0,1-0,2-0,3-0,4-0,5-0,6-0,7-0,8-0,9-0,10-0'
29-Apr-23 22:28:33, PEbox_0033, 0, b'0-0,1-0,2-0,3-0,4-0,5-0,6-0,7-0,8-0,9-0,10-299178503'
29-Apr-23 22:28:34, SEbox_0063, 0, b'0-0,1-0,2-0,3-0,4-0,5-0,6-0,7-0,8-0,9-0,10-0'
29-Apr-23 22:28:34, PEbox_0021, 0, b'0-0,1-0,2-0,3-0,4-0,5-0,6-0,7-0,8-0,9-0,10-1743968318'
29-Apr-23 22:28:34, SEbox_0029, 0, b'0-0,1-0,2-0,3-0,4-0,5-0,6-0,7-0,8-0,9-0,10-0'
29-Apr-23 22:28:34, SEbox_0032, 0, b'0-0,1-0,2-0,3-0,4-0,5-0,6-0,7-0,8-0,9-0,10-0'
29-Apr-23 22:28:34, SEbox_0083, 0, b'0-0,1-0,2-0,3-0,4-0,5-0,6-0,7-0,8-0,9-0,10-0'
29-Apr-23 22:28:34, SEbox_0060, 0, b'0-0,1-0,2-0,3-0,4-0,5-0,6-0,7-0,8-0,9-0,10-0'
29-Apr-23 22:28:34, SEbox_0081, 0, b'0-0,1-0,2-0,3-0,4-0,5-0,6-0,7-0,8-0,9-0,10-0'
29-Apr-23 22:28:35, SEbox_0012, 0, b'0-0,1-0,2-0,3-0,4-0,5-0,6-0,7-0,8-0,9-0,10-0'
29-Apr-23 22:28:35, SEbox_0061, 0, b'0-0,1-0,2-0,3-0,4-0,5-0,6-0,7-0,8-0,9-0,10-0'
29-Apr-23 22:28:35, PEbox_0077, 0, b'0-0,1-0,2-0,3-0,4-0,5-0,6-0,7-0,8-0,9-0,10-958439420'
29-Apr-23 22:28:36, SEbox_0013, 0, b'0-0,1-0,2-0,3-0,4-0,5-0,6-0,7-0,8-0,9-0,10-0'
29-Apr-23 22:28:36, SEbox_0017, 0, b'0-0,1-0,2-0,3-0,4-0,5-0,6-0,7-0,8-0,9-0,10-0'
29-Apr-23 22:28:36, PEbox_0010, 0, b'0-0,1-0,2-0,3-0,4-0,5-0,6-0,7-0,8-0,9-0,10-2163492724'
29-Apr-23 22:28:36, PEbox_0026, 0, b'0-0,1-0,2-0,3-0,4-0,5-0,6-0,7-0,8-0,9-0,10-1787047165'
29-Apr-23 22:28:36, SEbox_0074, 0, b'0-0,1-0,2-0,3-0,4-0,5-0,6-0,7-0,8-0,9-0,10-0'
29-Apr-23 22:28:36, SEbox_0014, 0, b'0-0,1-0,2-0,3-0,4-0,5-0,6-0,7-0,8-0,9-0,10-0'
29-Apr-23 22:28:36, SEbox_0062, 0, b'0-0,1-0,2-0,3-0,4-0,5-0,6-0,7-0,8-0,9-0,10-0'
29-Apr-23 22:28:36, PEbox_0063, 0, b'0-0,1-0,2-0,3-0,4-0,5-0,6-0,7-0,8-0,9-0,10-165816798'
29-Apr-23 22:28:37, SEbox_0066, 0, b'0-0,1-0,2-0,3-0,4-0,5-0,6-0,7-0,8-0,9-0,10-0'
29-Apr-23 22:28:37, PEbox_0029, 0, b'0-0,1-0,2-0,3-0,4-0,5-0,6-0,7-0,8-0,9-0,10-413047029'
29-Apr-23 22:28:37, PEbox_0060, 0, b'0-0,1-0,2-0,3-0,4-0,5-0,6-0,7-0,8-0,9-0,10-168592046'
29-Apr-23 22:28:37, PEbox_0083, 0, b'0-0,1-0,2-0,3-0,4-0,5-0,6-0,7-0,8-0,9-0,10-61499851'
29-Apr-23 22:28:37, PEbox_0032, 0, b'0-0,1-0,2-0,3-0,4-0,5-0,6-0,7-0,8-0,9-0,10-321600469'
29-Apr-23 22:28:37, SEbox_0086, 0, b'0-0,1-0,2-0,3-0,4-0,5-0,6-0,7-0,8-0,9-0,10-0'
29-Apr-23 22:28:37, SEbox_0035, 0, b'0-0,1-0,2-0,3-0,4-0,5-0,6-0,7-0,8-0,9-0,10-0'
29-Apr-23 22:28:37, SEbox_0078, 0, b'0-0,1-0,2-0,3-0,4-0,5-0,6-0,7-0,8-0,9-0,10-0'
29-Apr-23 22:28:38, PEbox_0081, 0, b'0-0,1-0,2-0,3-0,4-0,5-0,6-0,7-0,8-0,9-0,10-85349117'
29-Apr-23 22:28:38, SEbox_0020, 0, b'0-0,1-0,2-0,3-0,4-0,5-0,6-0,7-0,8-0,9-0,10-0'
29-Apr-23 22:28:38, SEbox_0019, 0, b'0-0,1-0,2-0,3-0,4-0,5-0,6-0,7-0,8-0,9-0,10-0'
29-Apr-23 22:28:38, SEbox_0011, 0, b'0-0,1-0,2-0,3-0,4-0,5-0,6-0,7-0,8-0,9-0,10-0'
29-Apr-23 22:28:38, PEbox_0012, 0, b'0-0,1-0,2-0,3-0,4-0,5-0,6-0,7-0,8-0,9-0,10-2326906632'
29-Apr-23 22:28:38, SEbox_0015, 0, b'0-0,1-0,2-0,3-0,4-0,5-0,6-0,7-0,8-0,9-0,10-0'
29-Apr-23 22:28:38, PEbox_0061, 0, b'0-0,1-0,2-0,3-0,4-0,5-0,6-0,7-0,8-0,9-0,10-166609959'
29-Apr-23 22:28:39, PEbox_0013, 0, b'0-0,1-0,2-0,3-0,4-0,5-0,6-0,7-0,8-0,9-0,10-361903938'
29-Apr-23 22:28:39, SEbox_0034, 0, b'0-0,1-0,2-0,3-0,4-0,5-0,6-0,7-0,8-0,9-0,10-0'
29-Apr-23 22:28:39, PEbox_0017, 0, b'0-0,1-0,2-0,3-0,4-0,5-0,6-0,7-0,8-0,9-0,10-2711840050'
29-Apr-23 22:28:39, SEbox_0088, 0, b'0-0,1-0,2-0,3-0,4-0,5-0,6-6,7-6,8-6,9-6,10-0'
29-Apr-23 22:28:39, SEbox_0076, 0, b'0-0,1-0,2-0,3-0,4-0,5-0,6-0,7-0,8-0,9-0,10-0'
29-Apr-23 22:28:39, PEbox_0074, 0, b'0-0,1-0,2-0,3-0,4-0,5-0,6-0,7-0,8-0,9-0,10-552282681'
29-Apr-23 22:28:39, PEbox_0014, 0, b'0-0,1-0,2-0,3-0,4-0,5-0,6-0,7-0,8-0,9-0,10-1393410557'
29-Apr-23 22:28:39, SEbox_0031, 0, b'0-0,1-0,2-0,3-0,4-0,5-0,6-0,7-0,8-0,9-0,10-0'
29-Apr-23 22:28:39, PEbox_0062, 0, b'0-0,1-0,2-0,3-0,4-0,5-0,6-0,7-0,8-0,9-0,10-173110179'
29-Apr-23 22:28:39, SEbox_0075, 0, b'0-0,1-0,2-0,3-0,4-0,5-0,6-0,7-0,8-0,9-0,10-0'
29-Apr-23 22:28:40, SEbox_0027, 0, b'0-0,1-0,2-0,3-0,4-0,5-0,6-0,7-0,8-0,9-0,10-0'
29-Apr-23 22:28:40, PEbox_0066, 0, b'0-0,1-0,2-0,3-0,4-0,5-0,6-0,7-0,8-0,9-0,10-164139016'
29-Apr-23 22:28:40, SEbox_0030, 0, b'0-0,1-0,2-0,3-0,4-0,5-0,6-0,7-0,8-0,9-0,10-0'
29-Apr-23 22:28:40, PEbox_0086, 0, b'0-0,1-0,2-0,3-0,4-0,5-0,6-0,7-0,8-0,9-0,10-37783128'
29-Apr-23 22:28:40, PEbox_0035, 0, b'0-0,1-0,2-0,3-0,4-0,5-0,6-0,7-0,8-0,9-0,10-360791074'
29-Apr-23 22:28:40, SEbox_0016, 0, b'0-0,1-0,2-0,3-0,4-0,5-0,6-0,7-0,8-0,9-0,10-0'
29-Apr-23 22:28:40, PEbox_0078, 0, b'0-0,1-0,2-0,3-0,4-0,5-0,6-0,7-0,8-0,9-0,10-67317795'
29-Apr-23 22:28:40, SEbox_0022, 0, b'0-0,1-0,2-0,3-0,4-0,5-0,6-0,7-0,8-0,9-0,10-0'
29-Apr-23 22:28:41, PEbox_0020, 0, b'0-0,1-0,2-0,3-0,4-0,5-0,6-0,7-0,8-0,9-0,10-1226992336'
29-Apr-23 22:28:41, PEbox_0011, 0, b'0-0,1-0,2-0,3-0,4-0,5-0,6-0,7-0,8-0,9-0,10-170547000'
29-Apr-23 22:28:41, PEbox_0019, 0, b'0-0,1-0,2-0,3-0,4-0,5-0,6-0,7-0,8-0,9-0,10-585181290'
29-Apr-23 22:28:41, SEbox_0082, 0, b'0-0,1-0,2-0,3-0,4-0,5-0,6-0,7-0,8-0,9-0,10-0'
29-Apr-23 22:28:41, PEbox_0015, 0, b'0-0,1-0,2-0,3-0,4-0,5-0,6-0,7-0,8-0,9-0,10-980764857'
29-Apr-23 22:28:41, SEbox_0018, 0, b'0-0,1-0,2-0,3-0,4-0,5-0,6-0,7-0,8-0,9-0,10-0'
29-Apr-23 22:28:41, SEbox_0072, 0, b'0-0,1-0,2-0,3-0,4-0,5-0,6-0,7-0,8-0,9-0,10-0'
29-Apr-23 22:28:42, PEbox_0088, 0, b'0-0,1-0,2-0,3-0,4-0,5-0,6-0,7-0,8-0,9-0,10-244754375'
29-Apr-23 22:28:42, PEbox_0034, 0, b'0-0,1-0,2-0,3-0,4-0,5-0,6-0,7-0,8-0,9-0,10-312134653'
29-Apr-23 22:28:42, SEbox_0039, 0, b'0-0,1-12,2-0,3-0,4-0,5-0,6-0,7-0,8-0,9-0,10-0'
29-Apr-23 22:28:42, PEbox_0076, 0, b'0-0,1-0,2-0,3-0,4-0,5-0,6-0,7-0,8-0,9-0,10-232419283'
29-Apr-23 22:28:42, PEbox_0031, 0, b'0-0,1-0,2-0,3-0,4-0,5-0,6-0,7-0,8-0,9-0,10-307239596'
29-Apr-23 22:28:43, SEbox_0038, 0, b'0-0,1-0,2-0,3-0,4-0,5-0,6-0,7-0,8-0,9-0,10-0'
29-Apr-23 22:28:43, SEbox_0067, 0, b'0-6,1-0,2-0,3-0,4-0,5-0,6-0,7-0,8-0,9-0,10-0'
29-Apr-23 22:28:43, PEbox_0075, 0, b'0-0,1-0,2-0,3-0,4-0,5-0,6-0,7-0,8-0,9-0,10-516475887'
29-Apr-23 22:28:43, SEbox_0087, 0, b'0-0,1-0,2-0,3-0,4-0,5-0,6-0,7-0,8-0,9-0,10-0'
29-Apr-23 22:28:43, PEbox_0027, 0, b'0-0,1-0,2-0,3-0,4-0,5-0,6-0,7-0,8-0,9-0,10-193937750'
29-Apr-23 22:28:43, PEbox_0030, 0, b'0-0,1-0,2-0,3-0,4-0,5-0,6-0,7-0,8-0,9-0,10-315287889'
29-Apr-23 22:28:43, SEbox_0080, 0, b'0-0,1-0,2-0,3-0,4-0,5-0,6-0,7-0,8-0,9-0,10-0'
29-Apr-23 22:28:43, SEbox_0073, 0, b'0-0,1-0,2-0,3-0,4-0,5-0,6-0,7-0,8-0,9-0,10-0'
29-Apr-23 22:28:43, PEbox_0016, 0, b'0-0,1-0,2-0,3-0,4-0,5-0,6-0,7-0,8-0,9-0,10-516250725'
29-Apr-23 22:28:43, PEbox_0022, 0, b'0-0,1-0,2-0,3-0,4-0,5-0,6-0,7-0,8-0,9-0,10-3905271578'
29-Apr-23 22:28:44, PEbox_0082, 0, b'0-0,1-0,2-0,3-0,4-0,5-0,6-0,7-0,8-0,9-0,10-29197403'
29-Apr-23 22:28:44, PEbox_0018, 0, b'0-0,1-0,2-0,3-0,4-0,5-0,6-0,7-0,8-0,9-0,10-311984618'
29-Apr-23 22:28:44, SEbox_0028, 0, b'0-0,1-0,2-0,3-0,4-0,5-0,6-0,7-0,8-0,9-0,10-0'
29-Apr-23 22:28:44, SEbox_0070, 0, b'0-0,1-0,2-0,3-0,4-0,5-0,6-0,7-0,8-0,9-0,10-0'
29-Apr-23 22:28:44, PEbox_0072, 0, b'0-0,1-0,2-0,3-0,4-0,5-0,6-0,7-0,8-0,9-0,10-145942148'
29-Apr-23 22:28:45, SEbox_0065, 0, b'0-0,1-0,2-0,3-0,4-0,5-0,6-0,7-0,8-0,9-0,10-0'
29-Apr-23 22:28:45, SEbox_0071, 0, b'0-0,1-0,2-0,3-0,4-0,5-0,6-0,7-0,8-0,9-0,10-0'
29-Apr-23 22:28:45, SEbox_0079, 0, b'0-0,1-0,2-0,3-0,4-0,5-0,6-0,7-0,8-0,9-0,10-0'
29-Apr-23 22:28:45, PEbox_0039, 0, b'0-0,1-0,2-0,3-0,4-0,5-0,6-0,7-0,8-0,9-0,10-1342316399'
29-Apr-23 22:28:45, SEbox_0033, 0, b'0-0,1-0,2-0,3-0,4-0,5-0,6-0,7-0,8-0,9-0,10-0'
29-Apr-23 22:28:45, SEbox_0023, 0, b'0-0,1-0,2-0,3-0,4-0,5-0,6-0,7-0,8-0,9-0,10-0'
29-Apr-23 22:28:46, PEbox_0038, 0, b'0-0,1-0,2-0,3-0,4-0,5-0,6-0,7-0,8-0,9-0,10-245256060'
29-Apr-23 22:28:46, PEbox_0067, 0, b'0-0,1-0,2-0,3-0,4-0,5-0,6-0,7-0,8-0,9-0,10-169643244'
29-Apr-23 22:28:46, PEbox_0087, 0, b'0-0,1-0,2-0,3-0,4-0,5-0,6-0,7-0,8-0,9-0,10-6449172'
29-Apr-23 22:28:46, SEbox_0021, 0, b'0-0,1-0,2-0,3-0,4-0,5-0,6-0,7-0,8-0,9-0,10-0'
29-Apr-23 22:28:46, PEbox_0080, 0, b'0-0,1-0,2-0,3-0,4-0,5-0,6-0,7-0,8-0,9-0,10-117543163'
29-Apr-23 22:28:46, PEbox_0073, 0, b'0-0,1-0,2-0,3-0,4-0,5-0,6-0,7-0,8-0,9-0,10-456858107'
29-Apr-23 22:28:47, PEbox_0028, 0, b'0-0,1-0,2-0,3-0,4-0,5-0,6-0,7-0,8-0,9-0,10-276496787'
29-Apr-23 22:28:47, PEbox_0070, 0, b'0-0,1-0,2-0,3-0,4-0,5-0,6-0,7-0,8-0,9-0,10-147429898'
29-Apr-23 22:28:47, PEbox_0065, 0, b'0-0,1-0,2-0,3-0,4-0,5-0,6-0,7-0,8-0,9-0,10-169321146'
29-Apr-23 22:28:48, PEbox_0071, 0, b'0-0,1-0,2-0,3-0,4-0,5-0,6-0,7-0,8-0,9-0,10-204267434'
29-Apr-23 22:28:48, SEbox_0077, 0, b'0-0,1-0,2-0,3-0,4-0,5-0,6-0,7-0,8-0,9-0,10-0'
29-Apr-23 22:28:48, PEbox_0079, 0, b'0-0,1-0,2-0,3-0,4-0,5-0,6-0,7-0,8-0,9-0,10-77553156'
29-Apr-23 22:28:48, SEbox_0010, 0, b'0-0,1-0,2-0,3-0,4-0,5-0,6-0,7-0,8-0,9-0,10-0'
29-Apr-23 22:28:48, PEbox_0033, 0, b'0-0,1-0,2-0,3-0,4-0,5-0,6-0,7-0,8-0,9-0,10-299178593'
29-Apr-23 22:28:48, PEbox_0023, 0, b'0-0,1-0,2-0,3-0,4-0,5-0,6-0,7-0,8-0,9-0,10-1420308720'
29-Apr-23 22:28:48, SEbox_0026, 0, b'0-0,1-0,2-0,3-0,4-0,5-0,6-0,7-0,8-0,9-0,10-0'
29-Apr-23 22:28:49, SEbox_0063, 0, b'0-0,1-0,2-0,3-0,4-0,5-0,6-0,7-0,8-0,9-0,10-0'
29-Apr-23 22:28:49, SEbox_0060, 0, b'0-0,1-0,2-0,3-0,4-0,5-0,6-0,7-0,8-0,9-0,10-0'
29-Apr-23 22:28:49, PEbox_0021, 0, b'0-0,1-0,2-0,3-0,4-0,5-0,6-0,7-0,8-0,9-0,10-1743968408'
29-Apr-23 22:28:49, SEbox_0083, 0, b'0-0,1-0,2-0,3-0,4-0,5-0,6-0,7-0,8-0,9-0,10-0'
29-Apr-23 22:28:49, SEbox_0032, 0, b'0-0,1-0,2-0,3-0,4-0,5-0,6-0,7-0,8-0,9-0,10-0'
29-Apr-23 22:28:49, SEbox_0029, 0, b'0-0,1-0,2-0,3-0,4-0,5-0,6-0,7-0,8-0,9-0,10-0'
29-Apr-23 22:28:50, SEbox_0081, 0, b'0-0,1-0,2-0,3-0,4-0,5-0,6-0,7-0,8-0,9-0,10-0'
29-Apr-23 22:28:50, SEbox_0012, 0, b'0-0,1-0,2-0,3-0,4-0,5-0,6-0,7-0,8-0,9-0,10-0'
29-Apr-23 22:28:50, SEbox_0061, 0, b'0-0,1-0,2-0,3-0,4-0,5-0,6-0,7-0,8-0,9-0,10-0'
29-Apr-23 22:28:51, SEbox_0013, 0, b'0-0,1-0,2-0,3-0,4-0,5-0,6-0,7-0,8-0,9-0,10-0'
29-Apr-23 22:28:51, PEbox_0077, 0, b'0-0,1-0,2-0,3-0,4-0,5-0,6-0,7-0,8-0,9-0,10-958439510'
29-Apr-23 22:28:51, SEbox_0017, 0, b'0-0,1-0,2-0,3-0,4-0,5-0,6-0,7-0,8-0,9-0,10-0'
29-Apr-23 22:28:51, PEbox_0010, 0, b'0-0,1-0,2-0,3-0,4-0,5-0,6-0,7-0,8-0,9-0,10-2163492814'
29-Apr-23 22:28:51, PEbox_0026, 0, b'0-0,1-0,2-0,3-0,4-0,5-0,6-0,7-0,8-0,9-0,10-1787047255'
29-Apr-23 22:28:52, SEbox_0062, 0, b'0-0,1-0,2-0,3-0,4-0,5-0,6-0,7-0,8-0,9-0,10-0'
29-Apr-23 22:28:52, SEbox_0074, 0, b'0-0,1-0,2-0,3-0,4-0,5-0,6-0,7-0,8-0,9-0,10-0'
29-Apr-23 22:28:52, SEbox_0014, 0, b'0-0,1-0,2-0,3-0,4-0,5-0,6-0,7-0,8-0,9-0,10-0'
29-Apr-23 22:28:52, SEbox_0066, 0, b'0-0,1-0,2-0,3-0,4-0,5-0,6-0,7-0,8-0,9-0,10-0'
29-Apr-23 22:28:52, PEbox_0063, 0, b'0-0,1-0,2-0,3-0,4-0,5-0,6-0,7-0,8-0,9-0,10-165816888'
29-Apr-23 22:28:52, PEbox_0060, 0, b'0-0,1-0,2-0,3-0,4-0,5-0,6-0,7-0,8-0,9-0,10-168592136'
29-Apr-23 22:28:52, SEbox_0088, 0, b'0-0,1-0,2-0,3-0,4-0,5-0,6-6,7-6,8-6,9-6,10-0'
29-Apr-23 22:28:52, PEbox_0083, 0, b'0-0,1-0,2-0,3-0,4-0,5-0,6-0,7-0,8-0,9-0,10-61499941'
29-Apr-23 22:28:52, PEbox_0032, 0, b'0-0,1-0,2-0,3-0,4-0,5-0,6-0,7-0,8-0,9-0,10-321600559'
29-Apr-23 22:28:52, SEbox_0086, 0, b'0-0,1-0,2-0,3-0,4-0,5-0,6-0,7-0,8-0,9-0,10-0'
29-Apr-23 22:28:52, PEbox_0029, 0, b'0-0,1-0,2-0,3-0,4-0,5-0,6-0,7-0,8-0,9-0,10-413047119'
29-Apr-23 22:28:52, SEbox_0078, 0, b'0-0,1-0,2-0,3-0,4-0,5-0,6-0,7-0,8-0,9-0,10-0'
29-Apr-23 22:28:53, SEbox_0035, 0, b'0-0,1-0,2-0,3-0,4-0,5-0,6-0,7-0,8-0,9-0,10-0'
29-Apr-23 22:28:53, PEbox_0081, 0, b'0-0,1-0,2-0,3-0,4-0,5-0,6-0,7-0,8-0,9-0,10-85349222'
29-Apr-23 22:28:53, SEbox_0020, 0, b'0-0,1-0,2-0,3-0,4-0,5-0,6-0,7-0,8-0,9-0,10-0'
29-Apr-23 22:28:53, SEbox_0011, 0, b'0-0,1-0,2-0,3-0,4-0,5-0,6-0,7-0,8-0,9-0,10-0'
29-Apr-23 22:28:53, PEbox_0012, 0, b'0-0,1-0,2-0,3-0,4-0,5-0,6-0,7-0,8-0,9-0,10-2326906722'
29-Apr-23 22:28:53, SEbox_0019, 0, b'0-0,1-0,2-0,3-0,4-0,5-0,6-0,7-0,8-0,9-0,10-0'
29-Apr-23 22:28:53, PEbox_0061, 0, b'0-0,1-0,2-0,3-0,4-0,5-0,6-0,7-0,8-0,9-0,10-166610049'
29-Apr-23 22:28:53, SEbox_0015, 0, b'0-0,1-0,2-0,3-0,4-0,5-0,6-0,7-0,8-0,9-0,10-0'
29-Apr-23 22:28:54, PEbox_0013, 0, b'0-0,1-0,2-0,3-0,4-0,5-0,6-0,7-0,8-0,9-0,10-361904043'
29-Apr-23 22:28:54, SEbox_0034, 0, b'0-0,1-0,2-0,3-0,4-0,5-0,6-0,7-0,8-0,9-0,10-0'
29-Apr-23 22:28:54, SEbox_0076, 0, b'0-0,1-0,2-0,3-0,4-0,5-0,6-0,7-0,8-0,9-0,10-0'
29-Apr-23 22:28:54, PEbox_0017, 0, b'0-0,1-0,2-0,3-0,4-0,5-0,6-0,7-0,8-0,9-0,10-2711840140'
29-Apr-23 22:28:54, SEbox_0031, 0, b'0-0,1-0,2-0,3-0,4-0,5-0,6-0,7-0,8-0,9-0,10-0'
29-Apr-23 22:28:54, PEbox_0074, 0, b'0-0,1-0,2-0,3-0,4-0,5-0,6-0,7-0,8-0,9-0,10-552282771'
29-Apr-23 22:28:55, PEbox_0062, 0, b'0-0,1-0,2-0,3-0,4-0,5-0,6-0,7-0,8-0,9-0,10-173110269'
29-Apr-23 22:28:55, PEbox_0014, 0, b'0-0,1-0,2-0,3-0,4-0,5-0,6-0,7-0,8-0,9-0,10-1393410647'
29-Apr-23 22:28:55, SEbox_0027, 0, b'0-0,1-0,2-0,3-0,4-0,5-0,6-0,7-0,8-0,9-0,10-0'
29-Apr-23 22:28:55, PEbox_0088, 0, b'0-0,1-0,2-0,3-0,4-0,5-0,6-0,7-0,8-0,9-0,10-244754465'
29-Apr-23 22:28:55, SEbox_0075, 0, b'0-0,1-0,2-0,3-0,4-0,5-0,6-0,7-0,8-0,9-0,10-0'
29-Apr-23 22:28:55, PEbox_0066, 0, b'0-0,1-0,2-0,3-0,4-0,5-0,6-0,7-0,8-0,9-0,10-164139106'
29-Apr-23 22:28:55, SEbox_0030, 0, b'0-0,1-0,2-0,3-0,4-0,5-0,6-0,7-0,8-0,9-0,10-0'
29-Apr-23 22:28:56, PEbox_0078, 0, b'0-0,1-0,2-0,3-0,4-0,5-0,6-0,7-0,8-0,9-0,10-67317885'
29-Apr-23 22:28:56, PEbox_0086, 0, b'0-0,1-0,2-0,3-0,4-0,5-0,6-0,7-0,8-0,9-0,10-37783218'
29-Apr-23 22:28:56, PEbox_0035, 0, b'0-0,1-0,2-0,3-0,4-0,5-0,6-0,7-0,8-0,9-0,10-360791164'
29-Apr-23 22:28:56, SEbox_0016, 0, b'0-0,1-0,2-0,3-0,4-0,5-0,6-0,7-0,8-0,9-0,10-0'
29-Apr-23 22:28:56, SEbox_0022, 0, b'0-0,1-0,2-0,3-0,4-0,5-0,6-0,7-0,8-0,9-0,10-0'
29-Apr-23 22:28:56, PEbox_0020, 0, b'0-0,1-0,2-0,3-0,4-0,5-0,6-0,7-0,8-0,9-0,10-1226992426'
29-Apr-23 22:28:56, PEbox_0011, 0, b'0-0,1-0,2-0,3-0,4-0,5-0,6-0,7-0,8-0,9-0,10-170547045'
29-Apr-23 22:28:56, SEbox_0082, 0, b'0-0,1-0,2-0,3-0,4-0,5-0,6-0,7-0,8-0,9-0,10-0'
29-Apr-23 22:28:56, SEbox_0018, 0, b'0-0,1-0,2-0,3-0,4-0,5-0,6-0,7-0,8-0,9-0,10-0'
29-Apr-23 22:28:56, PEbox_0019, 0, b'0-0,1-0,2-0,3-0,4-0,5-0,6-0,7-0,8-0,9-0,10-585181380'
29-Apr-23 22:28:57, SEbox_0072, 0, b'0-0,1-0,2-0,3-0,4-0,5-0,6-0,7-0,8-0,9-0,10-0'
29-Apr-23 22:28:57, PEbox_0015, 0, b'0-0,1-0,2-0,3-0,4-0,5-0,6-0,7-0,8-0,9-0,10-980764947'
29-Apr-23 22:28:57, PEbox_0034, 0, b'0-0,1-0,2-0,3-0,4-0,5-0,6-0,7-0,8-0,9-0,10-312134743'
29-Apr-23 22:28:57, SEbox_0039, 0, b'0-0,1-12,2-0,3-0,4-0,5-0,6-0,7-0,8-0,9-0,10-0'
29-Apr-23 22:28:57, PEbox_0076, 0, b'0-0,1-0,2-0,3-0,4-0,5-0,6-0,7-0,8-0,9-0,10-232419328'
29-Apr-23 22:28:57, PEbox_0031, 0, b'0-0,1-0,2-0,3-0,4-0,5-0,6-0,7-0,8-0,9-0,10-307239686'
29-Apr-23 22:28:58, SEbox_0087, 0, b'0-0,1-0,2-0,3-0,4-0,5-0,6-0,7-0,8-0,9-0,10-0'
29-Apr-23 22:28:58, SEbox_0038, 0, b'0-0,1-0,2-0,3-0,4-0,5-0,6-0,7-0,8-0,9-0,10-0'
29-Apr-23 22:28:58, SEbox_0067, 0, b'0-6,1-0,2-0,3-0,4-0,5-0,6-0,7-0,8-0,9-0,10-0'
29-Apr-23 22:28:58, PEbox_0027, 0, b'0-0,1-0,2-0,3-0,4-0,5-0,6-0,7-0,8-0,9-0,10-193937840'
29-Apr-23 22:28:58, PEbox_0075, 0, b'0-0,1-0,2-0,3-0,4-0,5-0,6-0,7-0,8-0,9-0,10-516475977'
29-Apr-23 22:28:58, PEbox_0030, 0, b'0-0,1-0,2-0,3-0,4-0,5-0,6-0,7-0,8-0,9-0,10-315287979'
29-Apr-23 22:28:58, SEbox_0080, 0, b'0-0,1-0,2-0,3-0,4-0,5-0,6-0,7-0,8-0,9-0,10-0'
29-Apr-23 22:28:59, SEbox_0073, 0, b'0-0,1-0,2-0,3-0,4-0,5-0,6-0,7-0,8-0,9-0,10-0'
29-Apr-23 22:28:59, PEbox_0016, 0, b'0-0,1-0,2-0,3-0,4-0,5-0,6-0,7-0,8-0,9-0,10-516250830'
29-Apr-23 22:28:59, PEbox_0022, 0, b'0-0,1-0,2-0,3-0,4-0,5-0,6-0,7-0,8-0,9-0,10-3905271668'
29-Apr-23 22:28:59, PEbox_0082, 0, b'0-0,1-0,2-0,3-0,4-0,5-0,6-0,7-0,8-0,9-0,10-29197493'
29-Apr-23 22:28:59, PEbox_0018, 0, b'0-0,1-0,2-0,3-0,4-0,5-0,6-0,7-0,8-0,9-0,10-311984708'
29-Apr-23 22:29:00, SEbox_0028, 0, b'0-0,1-0,2-0,3-0,4-0,5-0,6-0,7-0,8-0,9-0,10-0'
29-Apr-23 22:29:00, PEbox_0072, 0, b'0-0,1-0,2-0,3-0,4-0,5-0,6-0,7-0,8-0,9-0,10-145942238'
29-Apr-23 22:29:00, SEbox_0070, 0, b'0-0,1-0,2-0,3-0,4-0,5-0,6-0,7-0,8-0,9-0,10-0'
29-Apr-23 22:29:00, SEbox_0065, 0, b'0-0,1-0,2-0,3-0,4-0,5-0,6-0,7-0,8-0,9-0,10-0'
29-Apr-23 22:29:00, SEbox_0071, 0, b'0-0,1-0,2-0,3-0,4-0,5-0,6-0,7-0,8-0,9-0,10-0'
29-Apr-23 22:29:00, SEbox_0079, 0, b'0-0,1-0,2-0,3-0,4-0,5-0,6-0,7-0,8-0,9-0,10-0'
29-Apr-23 22:29:00, PEbox_0039, 0, b'0-0,1-0,2-0,3-0,4-0,5-0,6-0,7-0,8-0,9-0,10-1342316489'
29-Apr-23 22:29:00, SEbox_0033, 0, b'0-0,1-0,2-0,3-0,4-0,5-0,6-0,7-0,8-0,9-0,10-0'
29-Apr-23 22:29:01, PEbox_0087, 0, b'0-0,1-0,2-0,3-0,4-0,5-0,6-0,7-0,8-0,9-0,10-6449262'
29-Apr-23 22:29:01, PEbox_0067, 0, b'0-0,1-0,2-0,3-0,4-0,5-0,6-0,7-0,8-0,9-0,10-169643334'
29-Apr-23 22:29:01, SEbox_0023, 0, b'0-0,1-0,2-0,3-0,4-0,5-0,6-0,7-0,8-0,9-0,10-0'
29-Apr-23 22:29:01, PEbox_0038, 0, b'0-0,1-0,2-0,3-0,4-0,5-0,6-0,7-0,8-0,9-0,10-245256150'
29-Apr-23 22:29:01, PEbox_0080, 0, b'0-0,1-0,2-0,3-0,4-0,5-0,6-0,7-0,8-0,9-0,10-117543253'
29-Apr-23 22:29:02, SEbox_0021, 0, b'0-0,1-0,2-0,3-0,4-0,5-0,6-0,7-0,8-0,9-0,10-0'
29-Apr-23 22:29:02, PEbox_0073, 0, b'0-0,1-0,2-0,3-0,4-0,5-0,6-0,7-0,8-0,9-0,10-456858197'
29-Apr-23 22:29:03, PEbox_0028, 0, b'0-0,1-0,2-0,3-0,4-0,5-0,6-0,7-0,8-0,9-0,10-276496892'
29-Apr-23 22:29:03, PEbox_0070, 0, b'0-0,1-0,2-0,3-0,4-0,5-0,6-0,7-0,8-0,9-0,10-147429988'
29-Apr-23 22:29:03, PEbox_0065, 0, b'0-0,1-0,2-0,3-0,4-0,5-0,6-0,7-0,8-0,9-0,10-169321236'
29-Apr-23 22:29:03, PEbox_0071, 0, b'0-0,1-0,2-0,3-0,4-0,5-0,6-0,7-0,8-0,9-0,10-204267524'
29-Apr-23 22:29:03, PEbox_0079, 0, b'0-0,1-0,2-0,3-0,4-0,5-0,6-0,7-0,8-0,9-0,10-77553246'
29-Apr-23 22:29:03, SEbox_0077, 0, b'0-0,1-0,2-0,3-0,4-0,5-0,6-0,7-0,8-0,9-0,10-0'
29-Apr-23 22:29:03, PEbox_0033, 0, b'0-0,1-0,2-0,3-0,4-0,5-0,6-0,7-0,8-0,9-0,10-299178683'
29-Apr-23 22:29:03, SEbox_0010, 0, b'0-0,1-0,2-0,3-0,4-0,5-0,6-0,7-0,8-0,9-0,10-0'
29-Apr-23 22:29:04, PEbox_0023, 0, b'0-0,1-0,2-0,3-0,4-0,5-0,6-0,7-0,8-0,9-0,10-1420308810'
29-Apr-23 22:29:04, SEbox_0026, 0, b'0-0,1-0,2-0,3-0,4-0,5-0,6-0,7-0,8-0,9-0,10-0'
29-Apr-23 22:29:04, SEbox_0063, 0, b'0-0,1-0,2-0,3-0,4-0,5-0,6-0,7-0,8-0,9-0,10-0'
29-Apr-23 22:29:04, SEbox_0060, 0, b'0-0,1-0,2-0,3-0,4-0,5-0,6-0,7-0,8-0,9-0,10-0'
29-Apr-23 22:29:04, SEbox_0083, 0, b'0-0,1-0,2-0,3-0,4-0,5-0,6-0,7-0,8-0,9-0,10-0'
29-Apr-23 22:29:04, SEbox_0032, 0, b'0-0,1-0,2-0,3-0,4-0,5-0,6-0,7-0,8-0,9-0,10-0'
29-Apr-23 22:29:04, PEbox_0021, 0, b'0-0,1-0,2-0,3-0,4-0,5-0,6-0,7-0,8-0,9-0,10-1743968498'
29-Apr-23 22:29:05, SEbox_0029, 0, b'0-0,1-0,2-0,3-0,4-0,5-0,6-0,7-0,8-0,9-0,10-0'
29-Apr-23 22:29:05, SEbox_0081, 0, b'0-0,1-0,2-0,3-0,4-0,5-0,6-0,7-0,8-0,9-0,10-0'
29-Apr-23 22:29:05, SEbox_0012, 0, b'0-0,1-0,2-0,3-0,4-0,5-0,6-0,7-0,8-0,9-0,10-0'
29-Apr-23 22:29:05, SEbox_0088, 0, b'0-0,1-0,2-0,3-0,4-0,5-0,6-6,7-6,8-6,9-6,10-0'
29-Apr-23 22:29:05, SEbox_0061, 0, b'0-0,1-0,2-0,3-0,4-0,5-0,6-0,7-0,8-0,9-0,10-0'
29-Apr-23 22:29:06, SEbox_0013, 0, b'0-0,1-0,2-0,3-0,4-0,5-0,6-0,7-0,8-0,9-0,10-0'
29-Apr-23 22:29:06, PEbox_0077, 0, b'0-0,1-0,2-0,3-0,4-0,5-0,6-0,7-0,8-0,9-0,10-958439600'
29-Apr-23 22:29:07, SEbox_0017, 0, b'0-0,1-0,2-0,3-0,4-0,5-0,6-0,7-0,8-0,9-0,10-0'
29-Apr-23 22:29:07, PEbox_0010, 0, b'0-0,1-0,2-0,3-0,4-0,5-0,6-0,7-0,8-0,9-0,10-2163492904'
29-Apr-23 22:29:07, SEbox_0062, 0, b'0-0,1-0,2-0,3-0,4-0,5-0,6-0,7-0,8-0,9-0,10-0'
29-Apr-23 22:29:07, PEbox_0060, 0, b'0-0,1-0,2-0,3-0,4-0,5-0,6-0,7-0,8-0,9-0,10-168592226'
29-Apr-23 22:29:07, PEbox_0026, 0, b'0-0,1-0,2-0,3-0,4-0,5-0,6-0,7-0,8-0,9-0,10-1787047345'
29-Apr-23 22:29:07, SEbox_0074, 0, b'0-0,1-0,2-0,3-0,4-0,5-0,6-0,7-0,8-0,9-0,10-0'
29-Apr-23 22:29:07, PEbox_0063, 0, b'0-0,1-0,2-0,3-0,4-0,5-0,6-0,7-0,8-0,9-0,10-165816978'
29-Apr-23 22:29:07, SEbox_0014, 0, b'0-0,1-0,2-0,3-0,4-0,5-0,6-0,7-0,8-0,9-0,10-0'
29-Apr-23 22:29:07, SEbox_0066, 0, b'0-0,1-0,2-0,3-0,4-0,5-0,6-0,7-0,8-0,9-0,10-0'
29-Apr-23 22:29:07, PEbox_0032, 0, b'0-0,1-0,2-0,3-0,4-0,5-0,6-0,7-0,8-0,9-0,10-321600649'
29-Apr-23 22:29:07, PEbox_0083, 0, b'0-0,1-0,2-0,3-0,4-0,5-0,6-0,7-0,8-0,9-0,10-61500031'
29-Apr-23 22:29:07, SEbox_0086, 0, b'0-0,1-0,2-0,3-0,4-0,5-0,6-0,7-0,8-0,9-0,10-0'
29-Apr-23 22:29:08, SEbox_0078, 0, b'0-0,1-0,2-0,3-0,4-0,5-0,6-0,7-0,8-0,9-0,10-0'
29-Apr-23 22:29:08, PEbox_0029, 0, b'0-0,1-0,2-0,3-0,4-0,5-0,6-0,7-0,8-0,9-0,10-413047209'
29-Apr-23 22:29:08, PEbox_0088, 0, b'0-0,1-0,2-0,3-0,4-0,5-0,6-0,7-0,8-0,9-0,10-244754555'
29-Apr-23 22:29:08, PEbox_0081, 0, b'0-0,1-0,2-0,3-0,4-0,5-0,6-0,7-0,8-0,9-0,10-85349327'
29-Apr-23 22:29:08, SEbox_0035, 0, b'0-0,1-0,2-0,3-0,4-0,5-0,6-0,7-0,8-0,9-0,10-0'
29-Apr-23 22:29:08, PEbox_0012, 0, b'0-0,1-0,2-0,3-0,4-0,5-0,6-0,7-0,8-0,9-0,10-2326906812'
29-Apr-23 22:29:08, SEbox_0011, 0, b'0-0,1-0,2-0,3-0,4-0,5-0,6-0,7-0,8-0,9-0,10-0'
29-Apr-23 22:29:08, PEbox_0061, 0, b'0-0,1-0,2-0,3-0,4-0,5-0,6-0,7-0,8-0,9-0,10-166610139'
29-Apr-23 22:29:08, SEbox_0020, 0, b'0-0,1-0,2-0,3-0,4-0,5-0,6-0,7-0,8-0,9-0,10-0'
29-Apr-23 22:29:09, SEbox_0019, 0, b'0-0,1-0,2-0,3-0,4-0,5-0,6-0,7-0,8-0,9-0,10-0'
29-Apr-23 22:29:09, SEbox_0034, 0, b'0-0,1-0,2-0,3-0,4-0,5-0,6-0,7-0,8-0,9-0,10-0'
29-Apr-23 22:29:09, PEbox_0013, 0, b'0-0,1-0,2-0,3-0,4-0,5-0,6-0,7-0,8-0,9-0,10-361904148'
29-Apr-23 22:29:09, SEbox_0015, 0, b'0-0,1-0,2-0,3-0,4-0,5-0,6-0,7-0,8-0,9-0,10-0'
29-Apr-23 22:29:09, SEbox_0076, 0, b'0-0,1-0,2-0,3-0,4-0,5-0,6-0,7-0,8-0,9-0,10-0'
29-Apr-23 22:29:09, SEbox_0031, 0, b'0-0,1-0,2-0,3-0,4-0,5-0,6-0,7-0,8-0,9-0,10-0'
29-Apr-23 22:29:10, PEbox_0017, 0, b'0-0,1-0,2-0,3-0,4-0,5-0,6-0,7-0,8-0,9-0,10-2711840230'
29-Apr-23 22:29:10, PEbox_0062, 0, b'0-0,1-0,2-0,3-0,4-0,5-0,6-0,7-0,8-0,9-0,10-173110359'
29-Apr-23 22:29:10, SEbox_0027, 0, b'0-0,1-0,2-0,3-0,4-0,5-0,6-0,7-0,8-0,9-0,10-0'
29-Apr-23 22:29:10, PEbox_0074, 0, b'0-0,1-0,2-0,3-0,4-0,5-0,6-0,7-0,8-0,9-0,10-552282861'
29-Apr-23 22:29:10, PEbox_0066, 0, b'0-0,1-0,2-0,3-0,4-0,5-0,6-0,7-0,8-0,9-0,10-164139196'
29-Apr-23 22:29:10, PEbox_0014, 0, b'0-0,1-0,2-0,3-0,4-0,5-0,6-0,7-0,8-0,9-0,10-1393410737'
29-Apr-23 22:29:10, SEbox_0030, 0, b'0-0,1-0,2-0,3-0,4-0,5-0,6-0,7-0,8-0,9-0,10-0'
29-Apr-23 22:29:10, SEbox_0075, 0, b'0-0,1-0,2-0,3-0,4-0,5-0,6-0,7-0,8-0,9-0,10-0'
29-Apr-23 22:29:11, PEbox_0086, 0, b'0-0,1-0,2-0,3-0,4-0,5-0,6-0,7-0,8-0,9-0,10-37783308'
29-Apr-23 22:44:48, SEbox_0010, 0, b'0-0,1-0,2-0,3-0,4-0,5-0,6-0,7-0,8-0,9-0,10-0'
29-Apr-23 22:44:59, SEbox_0010, 0, b'0-0,1-0,2-0,3-0,4-0,5-0,6-0,7-0,8-0,9-0,10-0'
29-Apr-23 22:45:10, SEbox_0010, 0, b'0-0,1-0,2-0,3-0,4-0,5-0,6-0,7-0,8-0,9-0,10-0'
29-Apr-23 22:45:37, SEbox_0010, 0, b'0-0,1-0,2-0,3-0,4-0,5-0,6-0,7-0,8-0,9-0,10-0'
29-Apr-23 22:45:44, SEbox_0010, 0, b'0-0,1-0,2-0,3-0,4-0,5-0,6-0,7-0,8-0,9-0,10-0'
29-Apr-23 22:46:05, SEbox_0010, 0, b'0-0,1-0,2-0,3-0,4-0,5-0,6-0,7-0,8-0,9-0,10-0'
29-Apr-23 22:46:15, SEbox_0010, 0, b'0-0,1-0,2-0,3-0,4-0,5-0,6-0,7-0,8-0,9-0,10-0'
29-Apr-23 22:47:11, SEbox_0010, 0, b'0-0,1-0,2-0,3-0,4-0,5-0,6-0,7-0,8-0,9-0,10-0'
29-Apr-23 22:47:33, SEbox_0010, 0, b'0-0,1-0,2-0,3-0,4-0,5-0,6-0,7-0,8-0,9-0,10-0'
29-Apr-23 22:49:40, SEbox_0010, 0, b'0-0,1-0,2-0,3-0,4-0,5-0,6-0,7-0,8-0,9-0,10-0'
29-Apr-23 22:49:50, SEbox_0010, 0, b'0-0,1-0,2-0,3-0,4-0,5-0,6-0,7-0,8-0,9-0,10-0'
29-Apr-23 23:14:18, SEbox_0010, 0, b'0-0,1-0,2-0,3-0,4-0,5-0,6-0,7-0,8-0,9-0,10-0'
29-Apr-23 23:16:23, SEbox_0010, 0, b'0-0,1-0,2-0,3-0,4-0,5-0,6-0,7-0,8-0,9-0,10-0'
29-Apr-23 23:18:17, SEbox_0010, 0, b'0-0,1-0,2-0,3-0,4-0,5-0,6-0,7-0,8-0,9-0,10-0'
29-Apr-23 23:20:18, SEbox_0010, 0, b'0-0,1-0,2-0,3-0,4-0,5-0,6-0,7-0,8-0,9-0,10-0'
29-Apr-23 23:22:15, SEbox_0010, 0, b'0-0,1-0,2-0,3-0,4-0,5-0,6-0,7-0,8-0,9-0,10-0'
29-Apr-23 23:23:07, SEbox_0010, 0, b'0-0,1-0,2-0,3-0,4-0,5-0,6-0,7-0,8-0,9-0,10-0'
29-Apr-23 23:27:17, SEbox_0010, 0, b'0-0,1-0,2-0,3-0,4-0,5-0,6-0,7-0,8-0,9-0,10-0'
29-Apr-23 23:27:17, SEbox_0010, 0, b'0-0,1-0,2-0,3-0,4-0,5-0,6-0,7-0,8-0,9-0,10-0'
29-Apr-23 23:27:33, SEbox_0010, 0, b'0-0,1-0,2-0,3-0,4-0,5-0,6-0,7-0,8-0,9-0,10-0'
29-Apr-23 23:28:13, SEbox_0010, 0, b'0-0,1-0,2-0,3-0,4-0,5-0,6-0,7-0,8-0,9-0,10-0'
29-Apr-23 23:28:13, PEbox_0010, 0, b'0-0,1-0,2-0,3-0,4-0,5-0,6-0,7-0,8-0,9-0,10-2163513604'
29-Apr-23 23:28:19, SEbox_0010, 0, b'0-0,1-0,2-0,3-0,4-0,5-0,6-0,7-0,8-0,9-0,10-0'
29-Apr-23 23:28:22, PEbox_0010, 0, b'0-0,1-0,2-0,3-0,4-0,5-0,6-0,7-0,8-0,9-0,10-2163513694'
29-Apr-23 23:30:07, SEbox_0010, 0, b'0-0,1-0,2-0,3-0,4-0,5-0,6-0,7-0,8-0,9-0,10-0'
29-Apr-23 23:30:07, PEbox_0010, 0, b'0-0,1-0,2-0,3-0,4-0,5-0,6-0,7-0,8-0,9-0,10-2163514234'
29-Apr-23 23:30:07, SEbox_0010, 0, b'0-0,1-0,2-0,3-0,4-0,5-0,6-0,7-0,8-0,9-0,10-0'
29-Apr-23 23:30:10, PEbox_0010, 0, b'0-0,1-0,2-0,3-0,4-0,5-0,6-0,7-0,8-0,9-0,10-2163514324'
29-Apr-23 23:30:37, SEbox_0010, 0, b'0-0,1-0,2-0,3-0,4-0,5-0,6-0,7-0,8-0,9-0,10-0'
29-Apr-23 23:30:37, PEbox_0010, 0, b'0-0,1-0,2-0,3-0,4-0,5-0,6-0,7-0,8-0,9-0,10-2163514414'
29-Apr-23 23:30:37, SEbox_0010, 0, b'0-0,1-0,2-0,3-0,4-0,5-0,6-0,7-0,8-0,9-0,10-0'
29-Apr-23 23:30:40, PEbox_0010, 0, b'0-0,1-0,2-0,3-0,4-0,5-0,6-0,7-0,8-0,9-0,10-2163514504'
29-Apr-23 23:30:53, SEbox_0010, 0, b'0-0,1-0,2-0,3-0,4-0,5-0,6-0,7-0,8-0,9-0,10-0'
29-Apr-23 23:30:56, PEbox_0010, 0, b'0-0,1-0,2-0,3-0,4-0,5-0,6-0,7-0,8-0,9-0,10-2163514594'
29-Apr-23 23:31:14, SEbox_0010, 0, b'0-0,1-0,2-0,3-0,4-0,5-0,6-0,7-0,8-0,9-0,10-0'
29-Apr-23 23:31:14, PEbox_0010, 0, b'0-0,1-0,2-0,3-0,4-0,5-0,6-0,7-0,8-0,9-0,10-2163514684'
29-Apr-23 23:31:29, SEbox_0010, 0, b'0-0,1-0,2-0,3-0,4-0,5-0,6-0,7-0,8-0,9-0,10-0'
29-Apr-23 23:31:29, PEbox_0010, 0, b'0-0,1-0,2-0,3-0,4-0,5-0,6-0,7-0,8-0,9-0,10-2163514774'
29-Apr-23 23:33:09, SEbox_0010, 0, b'0-0,1-0,2-0,3-0,4-0,5-0,6-0,7-0,8-0,9-0,10-0'
29-Apr-23 23:33:09, PEbox_0010, 0, b'0-0,1-0,2-0,3-0,4-0,5-0,6-0,7-0,8-0,9-0,10-2163515314'
29-Apr-23 23:33:09, SEbox_0011, 0, b'0-0,1-0,2-0,3-0,4-0,5-0,6-0,7-0,8-0,9-0,10-0'
29-Apr-23 23:33:09, PEbox_0011, 0, b'0-0,1-0,2-0,3-0,4-0,5-0,6-0,7-0,8-0,9-0,10-170558430'
29-Apr-23 23:33:09, SEbox_0012, 0, b'0-0,1-0,2-0,3-0,4-0,5-0,6-0,7-0,8-0,9-0,10-0'
29-Apr-23 23:33:09, PEbox_0012, 0, b'0-0,1-0,2-0,3-0,4-0,5-0,6-0,7-0,8-0,9-0,10-2326929672'
29-Apr-23 23:33:09, SEbox_0013, 0, b'0-0,1-0,2-0,3-0,4-0,5-0,6-0,7-0,8-0,9-0,10-0'
29-Apr-23 23:33:09, PEbox_0013, 0, b'0-0,1-0,2-0,3-0,4-0,5-0,6-0,7-0,8-0,9-0,10-361930188'
29-Apr-23 23:33:09, SEbox_0014, 0, b'0-0,1-0,2-0,3-0,4-0,5-0,6-0,7-0,8-0,9-0,10-0'
29-Apr-23 23:33:09, PEbox_0014, 0, b'0-0,1-0,2-0,3-0,4-0,5-0,6-0,7-0,8-0,9-0,10-1393433147'
29-Apr-23 23:39:55, SEbox_0010, 0, b'0-0,1-0,2-0,3-0,4-0,5-0,6-0,7-0,8-0,9-0,10-0'
29-Apr-23 23:39:55, PEbox_0010, 0, b'0-0,1-0,2-0,3-0,4-0,5-0,6-0,7-0,8-0,9-0,10-2163517744'
29-Apr-23 23:39:55, SEbox_0011, 0, b'0-0,1-0,2-0,3-0,4-0,5-0,6-0,7-0,8-0,9-0,10-0'
29-Apr-23 23:39:55, PEbox_0011, 0, b'0-0,1-0,2-0,3-0,4-0,5-0,6-0,7-0,8-0,9-0,10-170559645'
29-Apr-23 23:39:55, SEbox_0012, 0, b'0-0,1-0,2-0,3-0,4-0,5-0,6-0,7-0,8-0,9-0,10-0'
29-Apr-23 23:39:55, PEbox_0012, 0, b'0-0,1-0,2-0,3-0,4-0,5-0,6-0,7-0,8-0,9-0,10-2326932102'
29-Apr-23 23:39:55, SEbox_0013, 0, b'0-0,1-0,2-0,3-0,4-0,5-0,6-0,7-0,8-0,9-0,10-0'
29-Apr-23 23:39:55, PEbox_0013, 0, b'0-0,1-0,2-0,3-0,4-0,5-0,6-0,7-0,8-0,9-0,10-361932918'
29-Apr-23 23:39:56, SEbox_0014, 0, b'0-0,1-0,2-0,3-0,4-0,5-0,6-0,7-0,8-0,9-0,10-0'
29-Apr-23 23:39:56, PEbox_0014, 0, b'0-0,1-0,2-0,3-0,4-0,5-0,6-0,7-0,8-0,9-0,10-1393435487'
29-Apr-23 23:44:16, SEbox_0010, 0, b'0-0,1-0,2-0,3-0,4-0,5-0,6-0,7-0,8-0,9-0,10-0'
29-Apr-23 23:44:16, PEbox_0010, 0, b'0-0,1-0,2-0,3-0,4-0,5-0,6-0,7-0,8-0,9-0,10-2163519274'
29-Apr-23 23:44:16, SEbox_0011, 0, b'0-0,1-0,2-0,3-0,4-0,5-0,6-0,7-0,8-0,9-0,10-0'
29-Apr-23 23:44:16, PEbox_0011, 0, b'0-0,1-0,2-0,3-0,4-0,5-0,6-0,7-0,8-0,9-0,10-170560410'
29-Apr-23 23:44:16, SEbox_0012, 0, b'0-0,1-0,2-0,3-0,4-0,5-0,6-0,7-0,8-0,9-0,10-0'
29-Apr-23 23:44:16, PEbox_0012, 0, b'0-0,1-0,2-0,3-0,4-0,5-0,6-0,7-0,8-0,9-0,10-2326933632'
29-Apr-23 23:44:16, SEbox_0013, 0, b'0-0,1-0,2-0,3-0,4-0,5-0,6-0,7-0,8-0,9-0,10-0'
29-Apr-23 23:44:16, PEbox_0013, 0, b'0-0,1-0,2-0,3-0,4-0,5-0,6-0,7-0,8-0,9-0,10-361934808'
29-Apr-23 23:44:16, SEbox_0014, 0, b'0-0,1-0,2-0,3-0,4-0,5-0,6-0,7-0,8-0,9-0,10-0'
29-Apr-23 23:44:16, PEbox_0014, 0, b'0-0,1-0,2-0,3-0,4-0,5-0,6-0,7-0,8-0,9-0,10-1393437017'
29-Apr-23 23:44:16, SEbox_0015, 0, b'0-0,1-0,2-0,3-0,4-0,5-0,6-0,7-0,8-0,9-0,10-0'
29-Apr-23 23:44:16, PEbox_0015, 0, b'0-0,1-0,2-0,3-0,4-0,5-0,6-0,7-0,8-0,9-0,10-980791317'
29-Apr-23 23:44:16, SEbox_0016, 0, b'0-0,1-0,2-0,3-0,4-0,5-0,6-0,7-0,8-0,9-0,10-0'
29-Apr-23 23:44:16, PEbox_0016, 0, b'0-0,1-0,2-0,3-0,4-0,5-0,6-0,7-0,8-0,9-0,10-516281490'
29-Apr-23 23:44:16, SEbox_0017, 0, b'0-0,1-0,2-0,3-0,4-0,5-0,6-0,7-0,8-0,9-2,10-0'
29-Apr-23 23:44:16, PEbox_0017, 0, b'0-0,1-0,2-0,3-0,4-0,5-0,6-0,7-0,8-0,9-369732,10-2712236224'
29-Apr-23 23:44:16, SEbox_0018, 0, b'0-0,1-0,2-0,3-0,4-0,5-0,6-0,7-0,8-0,9-0,10-0'
29-Apr-23 23:44:16, PEbox_0018, 0, b'0-0,1-0,2-0,3-0,4-0,5-0,6-0,7-0,8-0,9-0,10-312011528'
29-Apr-23 23:44:17, SEbox_0019, 0, b'0-0,1-0,2-0,3-0,4-0,5-0,6-0,7-0,8-0,9-0,10-0'
29-Apr-23 23:44:17, PEbox_0019, 0, b'0-0,1-0,2-0,3-0,4-0,5-0,6-0,7-0,8-0,9-0,10-585207750'
29-Apr-23 23:44:18, PEbox_0017, 0, b'0-0,1-0,2-0,3-0,4-0,5-0,6-0,7-0,8-0,9-372441,10-2712239023'
29-Apr-23 23:44:19, PEbox_0012, 0, b'0-0,1-0,2-0,3-0,4-0,5-0,6-0,7-0,8-0,9-0,10-2326933722'
29-Apr-23 23:44:19, SEbox_0014, 0, b'0-0,1-0,2-0,3-0,4-0,5-0,6-0,7-0,8-0,9-0,10-0'
29-Apr-23 23:44:19, SEbox_0016, 0, b'0-0,1-0,2-0,3-0,4-0,5-0,6-0,7-0,8-0,9-0,10-0'
29-Apr-23 23:44:20, SEbox_0015, 0, b'0-0,1-0,2-0,3-0,4-0,5-0,6-0,7-0,8-0,9-0,10-0'
29-Apr-23 23:44:22, PEbox_0014, 0, b'0-0,1-0,2-0,3-0,4-0,5-0,6-0,7-0,8-0,9-0,10-1393437107'
29-Apr-23 23:44:22, PEbox_0016, 0, b'0-0,1-0,2-0,3-0,4-0,5-0,6-0,7-0,8-0,9-0,10-516281595'
29-Apr-23 23:44:23, PEbox_0015, 0, b'0-0,1-0,2-0,3-0,4-0,5-0,6-0,7-0,8-0,9-0,10-980791407'
29-Apr-23 23:44:24, SEbox_0011, 0, b'0-0,1-0,2-0,3-0,4-0,5-0,6-0,7-0,8-0,9-0,10-0'
29-Apr-23 23:44:27, PEbox_0011, 0, b'0-0,1-0,2-0,3-0,4-0,5-0,6-0,7-0,8-0,9-0,10-170560455'
29-Apr-23 23:44:28, SEbox_0013, 0, b'0-0,1-0,2-0,3-0,4-0,5-0,6-0,7-0,8-0,9-0,10-0'
29-Apr-23 23:44:28, SEbox_0018, 0, b'0-0,1-0,2-0,3-0,4-0,5-0,6-0,7-0,8-0,9-0,10-0'
29-Apr-23 23:44:28, SEbox_0019, 0, b'0-0,1-0,2-0,3-0,4-0,5-0,6-0,7-0,8-0,9-0,10-0'
29-Apr-23 23:44:28, SEbox_0010, 0, b'0-0,1-0,2-0,3-0,4-0,5-0,6-0,7-0,8-0,9-0,10-0'
29-Apr-23 23:44:30, SEbox_0017, 0, b'0-0,1-0,2-0,3-0,4-0,5-0,6-0,7-0,8-0,9-2,10-0'
29-Apr-23 23:44:31, SEbox_0012, 0, b'0-0,1-0,2-0,3-0,4-0,5-0,6-0,7-0,8-0,9-0,10-0'
29-Apr-23 23:44:31, PEbox_0013, 0, b'0-0,1-0,2-0,3-0,4-0,5-0,6-0,7-0,8-0,9-0,10-361934913'
29-Apr-23 23:44:31, PEbox_0018, 0, b'0-0,1-0,2-0,3-0,4-0,5-0,6-0,7-0,8-0,9-0,10-312011618'
29-Apr-23 23:44:32, PEbox_0019, 0, b'0-0,1-0,2-0,3-0,4-0,5-0,6-0,7-0,8-0,9-0,10-585207840'
29-Apr-23 23:44:32, PEbox_0010, 0, b'0-0,1-0,2-0,3-0,4-0,5-0,6-0,7-0,8-0,9-0,10-2163519364'
29-Apr-23 23:44:33, PEbox_0017, 0, b'0-0,1-0,2-0,3-0,4-0,5-0,6-0,7-0,8-0,9-375163,10-2712241835'
29-Apr-23 23:44:34, PEbox_0012, 0, b'0-0,1-0,2-0,3-0,4-0,5-0,6-0,7-0,8-0,9-0,10-2326933812'
29-Apr-23 23:44:34, SEbox_0014, 0, b'0-0,1-0,2-0,3-0,4-0,5-0,6-0,7-0,8-0,9-0,10-0'
29-Apr-23 23:44:35, SEbox_0016, 0, b'0-0,1-0,2-0,3-0,4-0,5-0,6-0,7-0,8-0,9-0,10-0'
29-Apr-23 23:44:35, SEbox_0015, 0, b'0-0,1-0,2-0,3-0,4-0,5-0,6-0,7-0,8-0,9-0,10-0'
29-Apr-23 23:44:37, PEbox_0014, 0, b'0-0,1-0,2-0,3-0,4-0,5-0,6-0,7-0,8-0,9-0,10-1393437197'
29-Apr-23 23:44:38, PEbox_0016, 0, b'0-0,1-0,2-0,3-0,4-0,5-0,6-0,7-0,8-0,9-0,10-516281700'
29-Apr-23 23:44:38, PEbox_0015, 0, b'0-0,1-0,2-0,3-0,4-0,5-0,6-0,7-0,8-0,9-0,10-980791497'
29-Apr-23 23:44:40, SEbox_0011, 0, b'0-0,1-0,2-0,3-0,4-0,5-0,6-0,7-0,8-0,9-0,10-0'
29-Apr-23 23:44:43, PEbox_0011, 0, b'0-0,1-0,2-0,3-0,4-0,5-0,6-0,7-0,8-0,9-0,10-170560500'
29-Apr-23 23:44:43, SEbox_0013, 0, b'0-0,1-0,2-0,3-0,4-0,5-0,6-0,7-0,8-0,9-0,10-0'
29-Apr-23 23:44:43, SEbox_0018, 0, b'0-0,1-0,2-0,3-0,4-0,5-0,6-0,7-0,8-0,9-0,10-0'
29-Apr-23 23:44:44, SEbox_0019, 0, b'0-0,1-0,2-0,3-0,4-0,5-0,6-0,7-0,8-0,9-0,10-0'
29-Apr-23 23:44:44, SEbox_0010, 0, b'0-0,1-0,2-0,3-0,4-0,5-0,6-0,7-0,8-0,9-0,10-0'
29-Apr-23 23:44:45, SEbox_0017, 0, b'0-0,1-0,2-0,3-0,4-0,5-0,6-0,7-0,8-0,9-2,10-0'
29-Apr-23 23:44:45, SEbox_0012, 0, b'0-0,1-0,2-0,3-0,4-0,5-0,6-0,7-0,8-0,9-0,10-0'
29-Apr-23 23:44:46, PEbox_0013, 0, b'0-0,1-0,2-0,3-0,4-0,5-0,6-0,7-0,8-0,9-0,10-361935018'
29-Apr-23 23:44:47, PEbox_0018, 0, b'0-0,1-0,2-0,3-0,4-0,5-0,6-0,7-0,8-0,9-0,10-312011708'
29-Apr-23 23:44:47, SEbox_0010, 0, b'0-0,1-0,2-0,3-0,4-0,5-0,6-0,7-0,8-0,9-0,10-0'
29-Apr-23 23:44:47, PEbox_0010, 0, b'0-0,1-0,2-0,3-0,4-0,5-0,6-0,7-0,8-0,9-0,10-2163519364'
29-Apr-23 23:44:47, SEbox_0011, 0, b'0-0,1-0,2-0,3-0,4-0,5-0,6-0,7-0,8-0,9-0,10-0'
29-Apr-23 23:44:47, PEbox_0011, 0, b'0-0,1-0,2-0,3-0,4-0,5-0,6-0,7-0,8-0,9-0,10-170560500'
29-Apr-23 23:44:47, SEbox_0012, 0, b'0-0,1-0,2-0,3-0,4-0,5-0,6-0,7-0,8-0,9-0,10-0'
29-Apr-23 23:44:47, PEbox_0012, 0, b'0-0,1-0,2-0,3-0,4-0,5-0,6-0,7-0,8-0,9-0,10-2326933812'
29-Apr-23 23:44:47, SEbox_0013, 0, b'0-0,1-0,2-0,3-0,4-0,5-0,6-0,7-0,8-0,9-0,10-0'
29-Apr-23 23:44:47, PEbox_0013, 0, b'0-0,1-0,2-0,3-0,4-0,5-0,6-0,7-0,8-0,9-0,10-361935018'
29-Apr-23 23:44:47, SEbox_0014, 0, b'0-0,1-0,2-0,3-0,4-0,5-0,6-0,7-0,8-0,9-0,10-0'
29-Apr-23 23:44:47, PEbox_0014, 0, b'0-0,1-0,2-0,3-0,4-0,5-0,6-0,7-0,8-0,9-0,10-1393437197'
29-Apr-23 23:44:47, SEbox_0015, 0, b'0-0,1-0,2-0,3-0,4-0,5-0,6-0,7-0,8-0,9-0,10-0'
29-Apr-23 23:44:47, PEbox_0015, 0, b'0-0,1-0,2-0,3-0,4-0,5-0,6-0,7-0,8-0,9-0,10-980791497'
29-Apr-23 23:44:47, SEbox_0016, 0, b'0-0,1-0,2-0,3-0,4-0,5-0,6-0,7-0,8-0,9-0,10-0'
29-Apr-23 23:44:47, PEbox_0016, 0, b'0-0,1-0,2-0,3-0,4-0,5-0,6-0,7-0,8-0,9-0,10-516281700'
29-Apr-23 23:44:47, SEbox_0017, 0, b'0-0,1-0,2-0,3-0,4-0,5-0,6-0,7-0,8-0,9-2,10-0'
29-Apr-23 23:44:47, PEbox_0017, 0, b'0-0,1-0,2-0,3-0,4-0,5-0,6-0,7-0,8-0,9-375163,10-2712241835'
29-Apr-23 23:44:47, SEbox_0018, 0, b'0-0,1-0,2-0,3-0,4-0,5-0,6-0,7-0,8-0,9-0,10-0'
29-Apr-23 23:44:47, PEbox_0018, 0, b'0-0,1-0,2-0,3-0,4-0,5-0,6-0,7-0,8-0,9-0,10-312011708'
29-Apr-23 23:44:47, SEbox_0019, 0, b'0-0,1-0,2-0,3-0,4-0,5-0,6-0,7-0,8-0,9-0,10-0'
29-Apr-23 23:44:47, PEbox_0019, 0, b'0-0,1-0,2-0,3-0,4-0,5-0,6-0,7-0,8-0,9-0,10-585207840'
29-Apr-23 23:44:47, PEbox_0019, 0, b'0-0,1-0,2-0,3-0,4-0,5-0,6-0,7-0,8-0,9-0,10-585207930'
29-Apr-23 23:44:47, PEbox_0010, 0, b'0-0,1-0,2-0,3-0,4-0,5-0,6-0,7-0,8-0,9-0,10-2163519454'
29-Apr-23 23:44:48, PEbox_0017, 0, b'0-0,1-0,2-0,3-0,4-0,5-0,6-0,7-0,8-0,9-377873,10-2712244635'
29-Apr-23 23:44:49, PEbox_0012, 0, b'0-0,1-0,2-0,3-0,4-0,5-0,6-0,7-0,8-0,9-0,10-2326933902'
29-Apr-23 23:44:49, SEbox_0014, 0, b'0-0,1-0,2-0,3-0,4-0,5-0,6-0,7-0,8-0,9-0,10-0'
29-Apr-23 23:44:50, SEbox_0016, 0, b'0-0,1-0,2-0,3-0,4-0,5-0,6-0,7-0,8-0,9-0,10-0'
29-Apr-23 23:44:51, SEbox_0015, 0, b'0-0,1-0,2-0,3-0,4-0,5-0,6-0,7-0,8-0,9-0,10-0'
29-Apr-23 23:44:52, PEbox_0014, 0, b'0-0,1-0,2-0,3-0,4-0,5-0,6-0,7-0,8-0,9-0,10-1393437287'
29-Apr-23 23:44:53, PEbox_0016, 0, b'0-0,1-0,2-0,3-0,4-0,5-0,6-0,7-0,8-0,9-0,10-516281805'
29-Apr-23 23:44:54, PEbox_0015, 0, b'0-0,1-0,2-0,3-0,4-0,5-0,6-0,7-0,8-0,9-0,10-980791587'
29-Apr-23 23:44:55, SEbox_0011, 0, b'0-0,1-0,2-0,3-0,4-0,5-0,6-0,7-0,8-0,9-0,10-0'
29-Apr-23 23:45:13, SEbox_0010, 0, b'0-0,1-0,2-0,3-0,4-0,5-0,6-0,7-0,8-0,9-0,10-0'
29-Apr-23 23:45:13, PEbox_0010, 0, b'0-0,1-0,2-0,3-0,4-0,5-0,6-0,7-0,8-0,9-0,10-2163519544'
29-Apr-23 23:45:13, SEbox_0011, 0, b'0-0,1-0,2-0,3-0,4-0,5-0,6-0,7-0,8-0,9-0,10-0'
29-Apr-23 23:45:13, PEbox_0011, 0, b'0-0,1-0,2-0,3-0,4-0,5-0,6-0,7-0,8-0,9-0,10-170560545'
29-Apr-23 23:45:13, SEbox_0012, 0, b'0-0,1-0,2-0,3-0,4-0,5-0,6-0,7-0,8-0,9-0,10-0'
29-Apr-23 23:45:13, PEbox_0012, 0, b'0-0,1-0,2-0,3-0,4-0,5-0,6-0,7-0,8-0,9-0,10-2326933992'
29-Apr-23 23:45:13, SEbox_0013, 0, b'0-0,1-0,2-0,3-0,4-0,5-0,6-0,7-0,8-0,9-0,10-0'
29-Apr-23 23:45:13, PEbox_0013, 0, b'0-0,1-0,2-0,3-0,4-0,5-0,6-0,7-0,8-0,9-0,10-361935123'
29-Apr-23 23:45:13, SEbox_0014, 0, b'0-0,1-0,2-0,3-0,4-0,5-0,6-0,7-0,8-0,9-0,10-0'
29-Apr-23 23:45:13, PEbox_0014, 0, b'0-0,1-0,2-0,3-0,4-0,5-0,6-0,7-0,8-0,9-0,10-1393437377'
29-Apr-23 23:45:13, SEbox_0015, 0, b'0-0,1-0,2-0,3-0,4-0,5-0,6-0,7-0,8-0,9-0,10-0'
29-Apr-23 23:45:13, PEbox_0015, 0, b'0-0,1-0,2-0,3-0,4-0,5-0,6-0,7-0,8-0,9-0,10-980791677'
29-Apr-23 23:45:13, SEbox_0016, 0, b'0-0,1-0,2-0,3-0,4-0,5-0,6-0,7-0,8-0,9-0,10-0'
29-Apr-23 23:45:13, PEbox_0016, 0, b'0-0,1-0,2-0,3-0,4-0,5-0,6-0,7-0,8-0,9-0,10-516281910'
29-Apr-23 23:45:13, SEbox_0017, 0, b'0-0,1-0,2-0,3-0,4-0,5-0,6-0,7-0,8-0,9-2,10-0'
29-Apr-23 23:45:13, PEbox_0017, 0, b'0-0,1-0,2-0,3-0,4-0,5-0,6-0,7-0,8-0,9-380616,10-2712247468'
29-Apr-23 23:45:13, SEbox_0018, 0, b'0-0,1-0,2-0,3-0,4-0,5-0,6-0,7-0,8-0,9-0,10-0'
29-Apr-23 23:45:13, PEbox_0018, 0, b'0-0,1-0,2-0,3-0,4-0,5-0,6-0,7-0,8-0,9-0,10-312011798'
29-Apr-23 23:45:13, SEbox_0019, 0, b'0-0,1-0,2-0,3-0,4-0,5-0,6-0,7-0,8-0,9-0,10-0'
29-Apr-23 23:45:13, PEbox_0019, 0, b'0-0,1-0,2-0,3-0,4-0,5-0,6-0,7-0,8-0,9-0,10-585208020'
29-Apr-23 23:45:43, SEbox_0010, 0, b'0-0,1-0,2-0,3-0,4-0,5-0,6-0,7-0,8-0,9-0,10-0'
29-Apr-23 23:45:43, PEbox_0010, 0, b'0-0,1-0,2-0,3-0,4-0,5-0,6-0,7-0,8-0,9-0,10-2163519724'
29-Apr-23 23:45:43, SEbox_0011, 0, b'0-0,1-0,2-0,3-0,4-0,5-0,6-0,7-0,8-0,9-0,10-0'
29-Apr-23 23:45:43, PEbox_0011, 0, b'0-0,1-0,2-0,3-0,4-0,5-0,6-0,7-0,8-0,9-0,10-170560635'
29-Apr-23 23:45:43, SEbox_0012, 0, b'0-0,1-0,2-0,3-0,4-0,5-0,6-0,7-0,8-0,9-0,10-0'
29-Apr-23 23:45:43, PEbox_0012, 0, b'0-0,1-0,2-0,3-0,4-0,5-0,6-0,7-0,8-0,9-0,10-2326934172'
29-Apr-23 23:45:43, SEbox_0013, 0, b'0-0,1-0,2-0,3-0,4-0,5-0,6-0,7-0,8-0,9-0,10-0'
29-Apr-23 23:45:43, PEbox_0013, 0, b'0-0,1-0,2-0,3-0,4-0,5-0,6-0,7-0,8-0,9-0,10-361935333'
29-Apr-23 23:45:43, SEbox_0014, 0, b'0-0,1-0,2-0,3-0,4-0,5-0,6-0,7-0,8-0,9-0,10-0'
29-Apr-23 23:45:43, PEbox_0014, 0, b'0-0,1-0,2-0,3-0,4-0,5-0,6-0,7-0,8-0,9-0,10-1393437557'
29-Apr-23 23:45:43, SEbox_0015, 0, b'0-0,1-0,2-0,3-0,4-0,5-0,6-0,7-0,8-0,9-0,10-0'
29-Apr-23 23:45:43, PEbox_0015, 0, b'0-0,1-0,2-0,3-0,4-0,5-0,6-0,7-0,8-0,9-0,10-980791857'
29-Apr-23 23:45:43, SEbox_0016, 0, b'0-0,1-0,2-0,3-0,4-0,5-0,6-0,7-0,8-0,9-0,10-0'
29-Apr-23 23:45:43, PEbox_0016, 0, b'0-0,1-0,2-0,3-0,4-0,5-0,6-0,7-0,8-0,9-0,10-516282120'
29-Apr-23 23:45:43, SEbox_0017, 0, b'0-0,1-0,2-0,3-0,4-0,5-0,6-0,7-0,8-0,9-2,10-0'
29-Apr-23 23:45:43, PEbox_0017, 0, b'0-0,1-0,2-0,3-0,4-0,5-0,6-0,7-0,8-0,9-386036,10-2712253068'
29-Apr-23 23:45:43, SEbox_0018, 0, b'0-0,1-0,2-0,3-0,4-0,5-0,6-0,7-0,8-0,9-0,10-0'
29-Apr-23 23:45:43, PEbox_0018, 0, b'0-0,1-0,2-0,3-0,4-0,5-0,6-0,7-0,8-0,9-0,10-312011978'
29-Apr-23 23:45:43, SEbox_0019, 0, b'0-0,1-0,2-0,3-0,4-0,5-0,6-0,7-0,8-0,9-0,10-0'
29-Apr-23 23:45:43, PEbox_0019, 0, b'0-0,1-0,2-0,3-0,4-0,5-0,6-0,7-0,8-0,9-0,10-585208200'
29-Apr-23 23:46:13, SEbox_0010, 0, b'0-0,1-0,2-0,3-0,4-0,5-0,6-0,7-0,8-0,9-0,10-0'
29-Apr-23 23:46:13, PEbox_0010, 0, b'0-0,1-0,2-0,3-0,4-0,5-0,6-0,7-0,8-0,9-0,10-2163519904'
29-Apr-23 23:46:13, SEbox_0011, 0, b'0-0,1-0,2-0,3-0,4-0,5-0,6-0,7-0,8-0,9-0,10-0'
29-Apr-23 23:46:13, PEbox_0011, 0, b'0-0,1-0,2-0,3-0,4-0,5-0,6-0,7-0,8-0,9-0,10-170560725'
29-Apr-23 23:46:13, SEbox_0012, 0, b'0-0,1-0,2-0,3-0,4-0,5-0,6-0,7-0,8-0,9-0,10-0'
29-Apr-23 23:46:13, PEbox_0012, 0, b'0-0,1-0,2-0,3-0,4-0,5-0,6-0,7-0,8-0,9-0,10-2326934352'
29-Apr-23 23:46:13, SEbox_0013, 0, b'0-0,1-0,2-0,3-0,4-0,5-0,6-0,7-0,8-0,9-0,10-0'
29-Apr-23 23:46:13, PEbox_0013, 0, b'0-0,1-0,2-0,3-0,4-0,5-0,6-0,7-0,8-0,9-0,10-361935543'
29-Apr-23 23:46:13, SEbox_0014, 0, b'0-0,1-0,2-0,3-0,4-0,5-0,6-0,7-0,8-0,9-0,10-0'
29-Apr-23 23:46:13, PEbox_0014, 0, b'0-0,1-0,2-0,3-0,4-0,5-0,6-0,7-0,8-0,9-0,10-1393437737'
29-Apr-23 23:46:13, SEbox_0015, 0, b'0-0,1-0,2-0,3-0,4-0,5-0,6-0,7-0,8-0,9-0,10-0'
29-Apr-23 23:46:13, PEbox_0015, 0, b'0-0,1-0,2-0,3-0,4-0,5-0,6-0,7-0,8-0,9-0,10-980792037'
29-Apr-23 23:46:13, SEbox_0016, 0, b'0-0,1-0,2-0,3-0,4-0,5-0,6-0,7-0,8-0,9-0,10-0'
29-Apr-23 23:46:13, PEbox_0016, 0, b'0-0,1-0,2-0,3-0,4-0,5-0,6-0,7-0,8-0,9-0,10-516282330'
29-Apr-23 23:46:13, SEbox_0017, 0, b'0-0,1-0,2-0,3-0,4-0,5-0,6-0,7-0,8-0,9-2,10-0'
29-Apr-23 23:46:13, PEbox_0017, 0, b'0-0,1-0,2-0,3-0,4-0,5-0,6-0,7-0,8-0,9-391464,10-2712258676'
29-Apr-23 23:46:13, SEbox_0018, 0, b'0-0,1-0,2-0,3-0,4-0,5-0,6-0,7-0,8-0,9-0,10-0'
29-Apr-23 23:46:13, PEbox_0018, 0, b'0-0,1-0,2-0,3-0,4-0,5-0,6-0,7-0,8-0,9-0,10-312012158'
29-Apr-23 23:46:13, SEbox_0019, 0, b'0-0,1-0,2-0,3-0,4-0,5-0,6-0,7-0,8-0,9-0,10-0'
29-Apr-23 23:46:13, PEbox_0019, 0, b'0-0,1-0,2-0,3-0,4-0,5-0,6-0,7-0,8-0,9-0,10-585208380'
29-Apr-23 23:46:43, SEbox_0010, 0, b'0-0,1-0,2-0,3-0,4-0,5-0,6-0,7-0,8-0,9-0,10-0'
29-Apr-23 23:46:43, PEbox_0010, 0, b'0-0,1-0,2-0,3-0,4-0,5-0,6-0,7-0,8-0,9-0,10-2163520084'
29-Apr-23 23:46:43, SEbox_0011, 0, b'0-0,1-0,2-0,3-0,4-0,5-0,6-0,7-0,8-0,9-0,10-0'
29-Apr-23 23:46:43, PEbox_0011, 0, b'0-0,1-0,2-0,3-0,4-0,5-0,6-0,7-0,8-0,9-0,10-170560815'
29-Apr-23 23:46:43, SEbox_0012, 0, b'0-0,1-0,2-0,3-0,4-0,5-0,6-0,7-0,8-0,9-0,10-0'
29-Apr-23 23:46:43, PEbox_0012, 0, b'0-0,1-0,2-0,3-0,4-0,5-0,6-0,7-0,8-0,9-0,10-2326934532'
29-Apr-23 23:46:43, SEbox_0013, 0, b'0-0,1-0,2-0,3-0,4-0,5-0,6-0,7-0,8-0,9-0,10-0'
29-Apr-23 23:46:43, PEbox_0013, 0, b'0-0,1-0,2-0,3-0,4-0,5-0,6-0,7-0,8-0,9-0,10-361935753'
29-Apr-23 23:46:43, SEbox_0014, 0, b'0-0,1-0,2-0,3-0,4-0,5-0,6-0,7-0,8-0,9-0,10-0'
29-Apr-23 23:46:43, PEbox_0014, 0, b'0-0,1-0,2-0,3-0,4-0,5-0,6-0,7-0,8-0,9-0,10-1393437917'
29-Apr-23 23:46:43, SEbox_0015, 0, b'0-0,1-0,2-0,3-0,4-0,5-0,6-0,7-0,8-0,9-0,10-0'
29-Apr-23 23:46:43, PEbox_0015, 0, b'0-0,1-0,2-0,3-0,4-0,5-0,6-0,7-0,8-0,9-0,10-980792217'
29-Apr-23 23:46:43, SEbox_0016, 0, b'0-0,1-0,2-0,3-0,4-0,5-0,6-0,7-0,8-0,9-0,10-0'
29-Apr-23 23:46:43, PEbox_0016, 0, b'0-0,1-0,2-0,3-0,4-0,5-0,6-0,7-0,8-0,9-0,10-516282540'
29-Apr-23 23:46:43, SEbox_0017, 0, b'0-0,1-0,2-0,3-0,4-0,5-0,6-0,7-0,8-0,9-2,10-0'
29-Apr-23 23:46:43, PEbox_0017, 0, b'0-0,1-0,2-0,3-0,4-0,5-0,6-0,7-0,8-0,9-396889,10-2712264281'
29-Apr-23 23:46:43, SEbox_0018, 0, b'0-0,1-0,2-0,3-0,4-0,5-0,6-0,7-0,8-0,9-0,10-0'
29-Apr-23 23:46:43, PEbox_0018, 0, b'0-0,1-0,2-0,3-0,4-0,5-0,6-0,7-0,8-0,9-0,10-312012338'
29-Apr-23 23:46:43, SEbox_0019, 0, b'0-0,1-0,2-0,3-0,4-0,5-0,6-0,7-0,8-0,9-0,10-0'
29-Apr-23 23:46:43, PEbox_0019, 0, b'0-0,1-0,2-0,3-0,4-0,5-0,6-0,7-0,8-0,9-0,10-585208560'
29-Apr-23 23:47:05, SEbox_0010, 0, b'0-0,1-0,2-0,3-0,4-0,5-0,6-0,7-0,8-0,9-0,10-0'
29-Apr-23 23:47:05, PEbox_0010, 0, b'0-0,1-0,2-0,3-0,4-0,5-0,6-0,7-0,8-0,9-0,10-2163520174'
29-Apr-23 23:47:05, SEbox_0011, 0, b'0-0,1-0,2-0,3-0,4-0,5-0,6-0,7-0,8-0,9-0,10-0'
29-Apr-23 23:47:05, PEbox_0011, 0, b'0-0,1-0,2-0,3-0,4-0,5-0,6-0,7-0,8-0,9-0,10-170560905'
29-Apr-23 23:47:05, SEbox_0012, 0, b'0-0,1-0,2-0,3-0,4-0,5-0,6-0,7-0,8-0,9-0,10-0'
29-Apr-23 23:47:05, PEbox_0012, 0, b'0-0,1-0,2-0,3-0,4-0,5-0,6-0,7-0,8-0,9-0,10-2326934712'
29-Apr-23 23:47:05, SEbox_0013, 0, b'0-0,1-0,2-0,3-0,4-0,5-0,6-0,7-0,8-0,9-0,10-0'
29-Apr-23 23:47:05, PEbox_0013, 0, b'0-0,1-0,2-0,3-0,4-0,5-0,6-0,7-0,8-0,9-0,10-361935963'
29-Apr-23 23:47:05, SEbox_0014, 0, b'0-0,1-0,2-0,3-0,4-0,5-0,6-0,7-0,8-0,9-0,10-0'
29-Apr-23 23:47:05, PEbox_0014, 0, b'0-0,1-0,2-0,3-0,4-0,5-0,6-0,7-0,8-0,9-0,10-1393438007'
29-Apr-23 23:47:05, SEbox_0015, 0, b'0-0,1-0,2-0,3-0,4-0,5-0,6-0,7-0,8-0,9-0,10-0'
29-Apr-23 23:47:05, PEbox_0015, 0, b'0-0,1-0,2-0,3-0,4-0,5-0,6-0,7-0,8-0,9-0,10-980792307'
29-Apr-23 23:47:05, SEbox_0016, 0, b'0-0,1-0,2-0,3-0,4-0,5-0,6-0,7-0,8-0,9-0,10-0'
29-Apr-23 23:47:05, PEbox_0016, 0, b'0-0,1-0,2-0,3-0,4-0,5-0,6-0,7-0,8-0,9-0,10-516282645'
29-Apr-23 23:47:05, SEbox_0017, 0, b'0-0,1-0,2-0,3-0,4-0,5-0,6-0,7-0,8-0,9-2,10-0'
29-Apr-23 23:47:05, PEbox_0017, 0, b'0-0,1-0,2-0,3-0,4-0,5-0,6-0,7-0,8-0,9-399570,10-2712267052'
29-Apr-23 23:47:05, SEbox_0018, 0, b'0-0,1-0,2-0,3-0,4-0,5-0,6-0,7-0,8-0,9-0,10-0'
29-Apr-23 23:47:05, PEbox_0018, 0, b'0-0,1-0,2-0,3-0,4-0,5-0,6-0,7-0,8-0,9-0,10-312012518'
29-Apr-23 23:47:05, SEbox_0019, 0, b'0-0,1-0,2-0,3-0,4-0,5-0,6-0,7-0,8-0,9-0,10-0'
29-Apr-23 23:47:05, PEbox_0019, 0, b'0-0,1-0,2-0,3-0,4-0,5-0,6-0,7-0,8-0,9-0,10-585208650'
29-Apr-23 23:47:05, SEbox_0020, 0, b'0-0,1-0,2-0,3-0,4-0,5-0,6-0,7-0,8-0,9-0,10-0'
29-Apr-23 23:47:05, PEbox_0020, 0, b'0-0,1-0,2-0,3-0,4-0,5-0,6-0,7-0,8-0,9-0,10-1227019786'
29-Apr-23 23:47:05, SEbox_0021, 0, b'0-0,1-0,2-0,3-0,4-0,5-0,6-0,7-0,8-0,9-0,10-0'
29-Apr-23 23:47:05, PEbox_0021, 0, b'0-0,1-0,2-0,3-0,4-0,5-0,6-0,7-0,8-0,9-0,10-1743995678'
29-Apr-23 23:47:05, SEbox_0022, 0, b'0-0,1-0,2-0,3-0,4-0,5-0,6-0,7-0,8-0,9-0,10-0'
29-Apr-23 23:47:05, PEbox_0022, 0, b'0-0,1-0,2-0,3-0,4-0,5-0,6-0,7-0,8-0,9-0,10-3905298848'
29-Apr-23 23:47:05, SEbox_0023, 0, b'0-0,1-0,2-0,3-0,4-0,5-0,6-0,7-0,8-0,9-0,10-0'
29-Apr-23 23:47:05, PEbox_0023, 0, b'0-0,1-0,2-0,3-0,4-0,5-0,6-0,7-0,8-0,9-0,10-1420336080'
29-Apr-23 23:47:05, SEbox_0024, 0, b'0-0,1-0,2-0,3-0,4-0,5-0,6-0,7-0,8-0,9-0,10-5'
29-Apr-23 23:47:05, PEbox_0024, 0, b'0-0,1-0,2-0,3-0,4-0,5-0,6-0,7-0,8-0,9-0,10-945075149'
29-Apr-23 23:47:05, SEbox_0025, 0, b'0-0,1-0,2-0,3-0,4-0,5-0,6-0,7-0,8-0,9-0,10-5'
29-Apr-23 23:47:05, PEbox_0025, 0, b'0-0,1-0,2-0,3-0,4-0,5-0,6-0,7-0,8-0,9-0,10-352145559'
29-Apr-23 23:47:05, SEbox_0026, 0, b'0-0,1-0,2-0,3-0,4-0,5-0,6-0,7-0,8-0,9-0,10-0'
29-Apr-23 23:47:05, PEbox_0026, 0, b'0-0,1-0,2-0,3-0,4-0,5-0,6-0,7-0,8-0,9-0,10-1787074705'
29-Apr-23 23:47:05, SEbox_0027, 0, b'0-0,1-0,2-0,3-0,4-0,5-0,6-0,7-0,8-0,9-0,10-0'
29-Apr-23 23:47:05, PEbox_0027, 0, b'0-0,1-0,2-0,3-0,4-0,5-0,6-0,7-0,8-0,9-0,10-193965650'
29-Apr-23 23:47:05, SEbox_0028, 0, b'0-0,1-0,2-0,3-0,4-0,5-0,6-0,7-0,8-0,9-0,10-0'
29-Apr-23 23:47:05, PEbox_0028, 0, b'0-0,1-0,2-0,3-0,4-0,5-0,6-0,7-0,8-0,9-0,10-276529127'
29-Apr-23 23:47:05, SEbox_0029, 0, b'0-0,1-0,2-0,3-0,4-0,5-0,6-0,7-0,8-0,9-0,10-0'
29-Apr-23 23:47:05, PEbox_0029, 0, b'0-0,1-0,2-0,3-0,4-0,5-0,6-0,7-0,8-0,9-0,10-413074479'
29-Apr-23 23:47:05, SEbox_0030, 0, b'0-0,1-0,2-0,3-0,4-0,5-0,6-0,7-0,8-0,9-0,10-0'
29-Apr-23 23:47:05, PEbox_0030, 0, b'0-0,1-0,2-0,3-0,4-0,5-0,6-0,7-0,8-0,9-0,10-315315789'
29-Apr-23 23:47:05, SEbox_0031, 0, b'0-0,1-0,2-0,3-0,4-0,5-0,6-0,7-0,8-0,9-0,10-0'
29-Apr-23 23:47:05, PEbox_0031, 0, b'0-0,1-0,2-0,3-0,4-0,5-0,6-0,7-0,8-0,9-0,10-307267574'
29-Apr-23 23:47:05, SEbox_0032, 0, b'0-0,1-0,2-0,3-0,4-0,5-0,6-0,7-0,8-0,9-0,10-0'
29-Apr-23 23:47:05, PEbox_0032, 0, b'0-0,1-0,2-0,3-0,4-0,5-0,6-0,7-0,8-0,9-0,10-321628369'
29-Apr-23 23:47:05, SEbox_0033, 0, b'0-0,1-0,2-0,3-0,4-0,5-0,6-0,7-0,8-0,9-0,10-0'
29-Apr-23 23:47:05, PEbox_0033, 0, b'0-0,1-0,2-0,3-0,4-0,5-0,6-0,7-0,8-0,9-0,10-299206493'
29-Apr-23 23:47:05, SEbox_0034, 0, b'0-0,1-0,2-0,3-0,4-0,5-0,6-0,7-0,8-0,9-0,10-0'
29-Apr-23 23:47:05, PEbox_0034, 0, b'0-0,1-0,2-0,3-0,4-0,5-0,6-0,7-0,8-0,9-0,10-312162733'
29-Apr-23 23:47:05, SEbox_0035, 0, b'0-0,1-0,2-0,3-0,4-0,5-0,6-0,7-0,8-0,9-0,10-0'
29-Apr-23 23:47:05, PEbox_0035, 0, b'0-0,1-0,2-0,3-0,4-0,5-0,6-0,7-0,8-0,9-0,10-360818524'
29-Apr-23 23:47:05, SEbox_0036, 0, b'0-0,1-0,2-0,3-0,4-0,5-0,6-0,7-0,8-0,9-0,10-5'
29-Apr-23 23:47:05, PEbox_0036, 0, b'0-0,1-0,2-0,3-0,4-0,5-0,6-0,7-0,8-0,9-0,10-270112347'
29-Apr-23 23:47:05, SEbox_0037, 0, b'0-0,1-0,2-0,3-0,4-0,5-0,6-0,7-0,8-0,9-0,10-5'
29-Apr-23 23:47:06, PEbox_0037, 0, b'0-0,1-0,2-0,3-0,4-0,5-0,6-0,7-0,8-0,9-0,10-536322147'
29-Apr-23 23:47:06, SEbox_0038, 0, b'0-0,1-0,2-0,3-0,4-0,5-0,6-0,7-0,8-0,9-0,10-0'
29-Apr-23 23:47:06, PEbox_0038, 0, b'0-0,1-0,2-0,3-0,4-0,5-0,6-0,7-0,8-0,9-0,10-245283870'
29-Apr-23 23:47:06, SEbox_0039, 0, b'0-0,1-12,2-0,3-0,4-0,5-0,6-0,7-0,8-0,9-0,10-0'
29-Apr-23 23:47:06, PEbox_0039, 0, b'0-0,1-0,2-0,3-0,4-0,5-0,6-0,7-0,8-0,9-0,10-1342343849'
29-Apr-23 23:47:36, SEbox_0010, 0, b'0-0,1-0,2-0,3-0,4-0,5-0,6-0,7-0,8-0,9-0,10-0'
29-Apr-23 23:47:36, PEbox_0010, 0, b'0-0,1-0,2-0,3-0,4-0,5-0,6-0,7-0,8-0,9-0,10-2163520354'
29-Apr-23 23:47:36, SEbox_0011, 0, b'0-0,1-0,2-0,3-0,4-0,5-0,6-0,7-0,8-0,9-0,10-0'
29-Apr-23 23:47:36, PEbox_0011, 0, b'0-0,1-0,2-0,3-0,4-0,5-0,6-0,7-0,8-0,9-0,10-170560995'
29-Apr-23 23:47:36, SEbox_0012, 0, b'0-0,1-0,2-0,3-0,4-0,5-0,6-0,7-0,8-0,9-0,10-0'
29-Apr-23 23:47:36, PEbox_0012, 0, b'0-0,1-0,2-0,3-0,4-0,5-0,6-0,7-0,8-0,9-0,10-2326934892'
29-Apr-23 23:47:36, SEbox_0013, 0, b'0-0,1-0,2-0,3-0,4-0,5-0,6-0,7-0,8-0,9-0,10-0'
29-Apr-23 23:47:36, PEbox_0013, 0, b'0-0,1-0,2-0,3-0,4-0,5-0,6-0,7-0,8-0,9-0,10-361936173'
29-Apr-23 23:47:36, SEbox_0014, 0, b'0-0,1-0,2-0,3-0,4-0,5-0,6-0,7-0,8-0,9-0,10-0'
29-Apr-23 23:47:36, PEbox_0014, 0, b'0-0,1-0,2-0,3-0,4-0,5-0,6-0,7-0,8-0,9-0,10-1393438187'
29-Apr-23 23:47:36, SEbox_0015, 0, b'0-0,1-0,2-0,3-0,4-0,5-0,6-0,7-0,8-0,9-0,10-0'
29-Apr-23 23:47:36, PEbox_0015, 0, b'0-0,1-0,2-0,3-0,4-0,5-0,6-0,7-0,8-0,9-0,10-980792487'
29-Apr-23 23:47:36, SEbox_0016, 0, b'0-0,1-0,2-0,3-0,4-0,5-0,6-0,7-0,8-0,9-0,10-0'
29-Apr-23 23:47:36, PEbox_0016, 0, b'0-0,1-0,2-0,3-0,4-0,5-0,6-0,7-0,8-0,9-0,10-516282855'
29-Apr-23 23:47:36, SEbox_0017, 0, b'0-0,1-0,2-0,3-0,4-0,5-0,6-0,7-0,8-0,9-2,10-0'
29-Apr-23 23:47:36, PEbox_0017, 0, b'0-0,1-0,2-0,3-0,4-0,5-0,6-0,7-0,8-0,9-404950,10-2712272612'
29-Apr-23 23:47:36, SEbox_0018, 0, b'0-0,1-0,2-0,3-0,4-0,5-0,6-0,7-0,8-0,9-0,10-0'
29-Apr-23 23:47:36, PEbox_0018, 0, b'0-0,1-0,2-0,3-0,4-0,5-0,6-0,7-0,8-0,9-0,10-312012698'
29-Apr-23 23:47:36, SEbox_0019, 0, b'0-0,1-0,2-0,3-0,4-0,5-0,6-0,7-0,8-0,9-0,10-0'
29-Apr-23 23:47:36, PEbox_0019, 0, b'0-0,1-0,2-0,3-0,4-0,5-0,6-0,7-0,8-0,9-0,10-585208830'
29-Apr-23 23:47:36, SEbox_0020, 0, b'0-0,1-0,2-0,3-0,4-0,5-0,6-0,7-0,8-0,9-0,10-0'
29-Apr-23 23:47:36, PEbox_0020, 0, b'0-0,1-0,2-0,3-0,4-0,5-0,6-0,7-0,8-0,9-0,10-1227019966'
29-Apr-23 23:47:36, SEbox_0021, 0, b'0-0,1-0,2-0,3-0,4-0,5-0,6-0,7-0,8-0,9-0,10-0'
29-Apr-23 23:47:36, PEbox_0021, 0, b'0-0,1-0,2-0,3-0,4-0,5-0,6-0,7-0,8-0,9-0,10-1743995858'
29-Apr-23 23:47:36, SEbox_0022, 0, b'0-0,1-0,2-0,3-0,4-0,5-0,6-0,7-0,8-0,9-0,10-0'
29-Apr-23 23:47:36, PEbox_0022, 0, b'0-0,1-0,2-0,3-0,4-0,5-0,6-0,7-0,8-0,9-0,10-3905299028'
29-Apr-23 23:47:36, SEbox_0023, 0, b'0-0,1-0,2-0,3-0,4-0,5-0,6-0,7-0,8-0,9-0,10-0'
29-Apr-23 23:47:36, PEbox_0023, 0, b'0-0,1-0,2-0,3-0,4-0,5-0,6-0,7-0,8-0,9-0,10-1420336260'
29-Apr-23 23:47:36, SEbox_0024, 0, b'0-0,1-0,2-0,3-0,4-0,5-0,6-0,7-0,8-0,9-0,10-5'
29-Apr-23 23:47:36, PEbox_0024, 0, b'0-0,1-0,2-0,3-0,4-0,5-0,6-0,7-0,8-0,9-0,10-945075149'
29-Apr-23 23:47:36, SEbox_0025, 0, b'0-0,1-0,2-0,3-0,4-0,5-0,6-0,7-0,8-0,9-0,10-5'
29-Apr-23 23:47:36, PEbox_0025, 0, b'0-0,1-0,2-0,3-0,4-0,5-0,6-0,7-0,8-0,9-0,10-352145559'
29-Apr-23 23:47:36, SEbox_0026, 0, b'0-0,1-0,2-0,3-0,4-0,5-0,6-0,7-0,8-0,9-0,10-0'
29-Apr-23 23:47:36, PEbox_0026, 0, b'0-0,1-0,2-0,3-0,4-0,5-0,6-0,7-0,8-0,9-0,10-1787074885'
29-Apr-23 23:47:36, SEbox_0027, 0, b'0-0,1-0,2-0,3-0,4-0,5-0,6-0,7-0,8-0,9-0,10-0'
29-Apr-23 23:47:36, PEbox_0027, 0, b'0-0,1-0,2-0,3-0,4-0,5-0,6-0,7-0,8-0,9-0,10-193965830'
29-Apr-23 23:47:36, SEbox_0028, 0, b'0-0,1-0,2-0,3-0,4-0,5-0,6-0,7-0,8-0,9-0,10-0'
29-Apr-23 23:47:36, PEbox_0028, 0, b'0-0,1-0,2-0,3-0,4-0,5-0,6-0,7-0,8-0,9-0,10-276529337'
29-Apr-23 23:47:36, SEbox_0029, 0, b'0-0,1-0,2-0,3-0,4-0,5-0,6-0,7-0,8-0,9-0,10-0'
29-Apr-23 23:47:36, PEbox_0029, 0, b'0-0,1-0,2-0,3-0,4-0,5-0,6-0,7-0,8-0,9-0,10-413074659'
29-Apr-23 23:47:36, SEbox_0030, 0, b'0-0,1-0,2-0,3-0,4-0,5-0,6-0,7-0,8-0,9-0,10-0'
29-Apr-23 23:47:36, PEbox_0030, 0, b'0-0,1-0,2-0,3-0,4-0,5-0,6-0,7-0,8-0,9-0,10-315315969'
29-Apr-23 23:47:36, SEbox_0031, 0, b'0-0,1-0,2-0,3-0,4-0,5-0,6-0,7-0,8-0,9-0,10-0'
29-Apr-23 23:47:36, PEbox_0031, 0, b'0-0,1-0,2-0,3-0,4-0,5-0,6-0,7-0,8-0,9-0,10-307267754'
29-Apr-23 23:47:36, SEbox_0032, 0, b'0-0,1-0,2-0,3-0,4-0,5-0,6-0,7-0,8-0,9-0,10-0'
29-Apr-23 23:47:36, PEbox_0032, 0, b'0-0,1-0,2-0,3-0,4-0,5-0,6-0,7-0,8-0,9-0,10-321628549'
29-Apr-23 23:47:36, SEbox_0033, 0, b'0-0,1-0,2-0,3-0,4-0,5-0,6-0,7-0,8-0,9-0,10-0'
29-Apr-23 23:47:36, PEbox_0033, 0, b'0-0,1-0,2-0,3-0,4-0,5-0,6-0,7-0,8-0,9-0,10-299206673'
29-Apr-23 23:47:36, SEbox_0034, 0, b'0-0,1-0,2-0,3-0,4-0,5-0,6-0,7-0,8-0,9-0,10-0'
29-Apr-23 23:47:36, PEbox_0034, 0, b'0-0,1-0,2-0,3-0,4-0,5-0,6-0,7-0,8-0,9-0,10-312162913'
29-Apr-23 23:47:36, SEbox_0035, 0, b'0-0,1-0,2-0,3-0,4-0,5-0,6-0,7-0,8-0,9-0,10-0'
29-Apr-23 23:47:36, PEbox_0035, 0, b'0-0,1-0,2-0,3-0,4-0,5-0,6-0,7-0,8-0,9-0,10-360818704'
29-Apr-23 23:47:36, SEbox_0036, 0, b'0-0,1-0,2-0,3-0,4-0,5-0,6-0,7-0,8-0,9-0,10-5'
29-Apr-23 23:47:36, PEbox_0036, 0, b'0-0,1-0,2-0,3-0,4-0,5-0,6-0,7-0,8-0,9-0,10-270112347'
29-Apr-23 23:47:36, SEbox_0037, 0, b'0-0,1-0,2-0,3-0,4-0,5-0,6-0,7-0,8-0,9-0,10-5'
29-Apr-23 23:47:36, PEbox_0037, 0, b'0-0,1-0,2-0,3-0,4-0,5-0,6-0,7-0,8-0,9-0,10-536322147'
29-Apr-23 23:47:36, SEbox_0038, 0, b'0-0,1-0,2-0,3-0,4-0,5-0,6-0,7-0,8-0,9-0,10-0'
29-Apr-23 23:47:36, PEbox_0038, 0, b'0-0,1-0,2-0,3-0,4-0,5-0,6-0,7-0,8-0,9-0,10-245283960'
29-Apr-23 23:47:36, SEbox_0039, 0, b'0-0,1-12,2-0,3-0,4-0,5-0,6-0,7-0,8-0,9-0,10-0'
29-Apr-23 23:47:36, PEbox_0039, 0, b'0-0,1-0,2-0,3-0,4-0,5-0,6-0,7-0,8-0,9-0,10-1342344029'
29-Apr-23 23:47:36, PEbox_0038, 0, b'0-0,1-0,2-0,3-0,4-0,5-0,6-0,7-0,8-0,9-0,10-245284050'
29-Apr-23 23:48:09, SEbox_0010, 0, b'0-0,1-0,2-0,3-0,4-0,5-0,6-0,7-0,8-0,9-0,10-0'
29-Apr-23 23:48:09, PEbox_0010, 0, b'0-0,1-0,2-0,3-0,4-0,5-0,6-0,7-0,8-0,9-0,10-2163520624'
29-Apr-23 23:48:09, SEbox_0011, 0, b'0-0,1-0,2-0,3-0,4-0,5-0,6-0,7-0,8-0,9-0,10-0'
29-Apr-23 23:48:09, PEbox_0011, 0, b'0-0,1-0,2-0,3-0,4-0,5-0,6-0,7-0,8-0,9-0,10-170561085'
29-Apr-23 23:48:09, SEbox_0012, 0, b'0-0,1-0,2-0,3-0,4-0,5-0,6-0,7-0,8-0,9-0,10-0'
29-Apr-23 23:48:09, PEbox_0012, 0, b'0-0,1-0,2-0,3-0,4-0,5-0,6-0,7-0,8-0,9-0,10-2326935072'
29-Apr-23 23:48:09, SEbox_0013, 0, b'0-0,1-0,2-0,3-0,4-0,5-0,6-0,7-0,8-0,9-0,10-0'
29-Apr-23 23:48:09, PEbox_0013, 0, b'0-0,1-0,2-0,3-0,4-0,5-0,6-0,7-0,8-0,9-0,10-361936383'
29-Apr-23 23:48:09, SEbox_0014, 0, b'0-0,1-0,2-0,3-0,4-0,5-0,6-0,7-0,8-0,9-0,10-0'
29-Apr-23 23:48:09, PEbox_0014, 0, b'0-0,1-0,2-0,3-0,4-0,5-0,6-0,7-0,8-0,9-0,10-1393438367'
29-Apr-23 23:48:09, SEbox_0015, 0, b'0-0,1-0,2-0,3-0,4-0,5-0,6-0,7-0,8-0,9-0,10-0'
29-Apr-23 23:48:09, PEbox_0015, 0, b'0-0,1-0,2-0,3-0,4-0,5-0,6-0,7-0,8-0,9-0,10-980792667'
29-Apr-23 23:48:09, SEbox_0016, 0, b'0-0,1-0,2-0,3-0,4-0,5-0,6-0,7-0,8-0,9-0,10-0'
29-Apr-23 23:48:09, PEbox_0016, 0, b'0-0,1-0,2-0,3-0,4-0,5-0,6-0,7-0,8-0,9-0,10-516283065'
29-Apr-23 23:48:09, SEbox_0017, 0, b'0-0,1-0,2-0,3-0,4-0,5-0,6-0,7-0,8-0,9-2,10-0'
29-Apr-23 23:48:09, PEbox_0017, 0, b'0-0,1-0,2-0,3-0,4-0,5-0,6-0,7-0,8-0,9-413124,10-2712281056'
29-Apr-23 23:48:09, SEbox_0018, 0, b'0-0,1-0,2-0,3-0,4-0,5-0,6-0,7-0,8-0,9-0,10-0'
29-Apr-23 23:48:09, PEbox_0018, 0, b'0-0,1-0,2-0,3-0,4-0,5-0,6-0,7-0,8-0,9-0,10-312012878'
29-Apr-23 23:48:09, SEbox_0019, 0, b'0-0,1-0,2-0,3-0,4-0,5-0,6-0,7-0,8-0,9-0,10-0'
29-Apr-23 23:48:09, PEbox_0019, 0, b'0-0,1-0,2-0,3-0,4-0,5-0,6-0,7-0,8-0,9-0,10-585209100'
29-Apr-23 23:48:09, SEbox_0020, 0, b'0-0,1-0,2-0,3-0,4-0,5-0,6-0,7-0,8-0,9-0,10-0'
29-Apr-23 23:48:09, PEbox_0020, 0, b'0-0,1-0,2-0,3-0,4-0,5-0,6-0,7-0,8-0,9-0,10-1227020146'
29-Apr-23 23:48:09, SEbox_0021, 0, b'0-0,1-0,2-0,3-0,4-0,5-0,6-0,7-0,8-0,9-0,10-0'
29-Apr-23 23:48:09, PEbox_0021, 0, b'0-0,1-0,2-0,3-0,4-0,5-0,6-0,7-0,8-0,9-0,10-1743996038'
29-Apr-23 23:48:09, SEbox_0022, 0, b'0-0,1-0,2-0,3-0,4-0,5-0,6-0,7-0,8-0,9-0,10-0'
29-Apr-23 23:48:09, PEbox_0022, 0, b'0-0,1-0,2-0,3-0,4-0,5-0,6-0,7-0,8-0,9-0,10-3905299208'
29-Apr-23 23:48:09, SEbox_0023, 0, b'0-0,1-0,2-0,3-0,4-0,5-0,6-0,7-0,8-0,9-0,10-0'
29-Apr-23 23:48:09, PEbox_0023, 0, b'0-0,1-0,2-0,3-0,4-0,5-0,6-0,7-0,8-0,9-0,10-1420336440'
29-Apr-23 23:48:09, SEbox_0024, 0, b'0-0,1-0,2-0,3-0,4-0,5-0,6-0,7-0,8-0,9-0,10-5'
29-Apr-23 23:48:09, PEbox_0024, 0, b'0-0,1-0,2-0,3-0,4-0,5-0,6-0,7-0,8-0,9-0,10-945075149'
29-Apr-23 23:48:09, SEbox_0025, 0, b'0-0,1-0,2-0,3-0,4-0,5-0,6-0,7-0,8-0,9-0,10-5'
29-Apr-23 23:48:09, PEbox_0025, 0, b'0-0,1-0,2-0,3-0,4-0,5-0,6-0,7-0,8-0,9-0,10-352145559'
29-Apr-23 23:48:09, SEbox_0026, 0, b'0-0,1-0,2-0,3-0,4-0,5-0,6-0,7-0,8-0,9-0,10-0'
29-Apr-23 23:48:09, PEbox_0026, 0, b'0-0,1-0,2-0,3-0,4-0,5-0,6-0,7-0,8-0,9-0,10-1787075065'
29-Apr-23 23:48:09, SEbox_0027, 0, b'0-0,1-0,2-0,3-0,4-0,5-0,6-0,7-0,8-0,9-0,10-0'
29-Apr-23 23:48:09, PEbox_0027, 0, b'0-0,1-0,2-0,3-0,4-0,5-0,6-0,7-0,8-0,9-0,10-193966010'
29-Apr-23 23:48:09, SEbox_0028, 0, b'0-0,1-0,2-0,3-0,4-0,5-0,6-0,7-0,8-0,9-0,10-0'
29-Apr-23 23:48:09, PEbox_0028, 0, b'0-0,1-0,2-0,3-0,4-0,5-0,6-0,7-0,8-0,9-0,10-276529547'
29-Apr-23 23:48:09, SEbox_0029, 0, b'0-0,1-0,2-0,3-0,4-0,5-0,6-0,7-0,8-0,9-0,10-0'
29-Apr-23 23:48:09, PEbox_0029, 0, b'0-0,1-0,2-0,3-0,4-0,5-0,6-0,7-0,8-0,9-0,10-413074929'
29-Apr-23 23:48:09, SEbox_0030, 0, b'0-0,1-0,2-0,3-0,4-0,5-0,6-0,7-0,8-0,9-0,10-0'
29-Apr-23 23:48:09, PEbox_0030, 0, b'0-0,1-0,2-0,3-0,4-0,5-0,6-0,7-0,8-0,9-0,10-315316149'
29-Apr-23 23:48:09, SEbox_0031, 0, b'0-0,1-0,2-0,3-0,4-0,5-0,6-0,7-0,8-0,9-0,10-0'
29-Apr-23 23:48:09, PEbox_0031, 0, b'0-0,1-0,2-0,3-0,4-0,5-0,6-0,7-0,8-0,9-0,10-307267934'
29-Apr-23 23:48:09, SEbox_0032, 0, b'0-0,1-0,2-0,3-0,4-0,5-0,6-0,7-0,8-0,9-0,10-0'
29-Apr-23 23:48:09, PEbox_0032, 0, b'0-0,1-0,2-0,3-0,4-0,5-0,6-0,7-0,8-0,9-0,10-321628819'
29-Apr-23 23:48:09, SEbox_0033, 0, b'0-0,1-0,2-0,3-0,4-0,5-0,6-0,7-0,8-0,9-0,10-0'
29-Apr-23 23:48:09, PEbox_0033, 0, b'0-0,1-0,2-0,3-0,4-0,5-0,6-0,7-0,8-0,9-0,10-299206943'
29-Apr-23 23:48:09, SEbox_0034, 0, b'0-0,1-0,2-0,3-0,4-0,5-0,6-0,7-0,8-0,9-0,10-0'
29-Apr-23 23:48:10, PEbox_0034, 0, b'0-0,1-0,2-0,3-0,4-0,5-0,6-0,7-0,8-0,9-0,10-312163093'
29-Apr-23 23:48:10, SEbox_0035, 0, b'0-0,1-0,2-0,3-0,4-0,5-0,6-0,7-0,8-0,9-0,10-0'
29-Apr-23 23:48:10, PEbox_0035, 0, b'0-0,1-0,2-0,3-0,4-0,5-0,6-0,7-0,8-0,9-0,10-360818884'
29-Apr-23 23:48:10, SEbox_0036, 0, b'0-0,1-0,2-0,3-0,4-0,5-0,6-0,7-0,8-0,9-0,10-5'
29-Apr-23 23:48:10, PEbox_0036, 0, b'0-0,1-0,2-0,3-0,4-0,5-0,6-0,7-0,8-0,9-0,10-270112347'
29-Apr-23 23:48:10, SEbox_0037, 0, b'0-0,1-0,2-0,3-0,4-0,5-0,6-0,7-0,8-0,9-0,10-5'
29-Apr-23 23:48:10, PEbox_0037, 0, b'0-0,1-0,2-0,3-0,4-0,5-0,6-0,7-0,8-0,9-0,10-536322147'
29-Apr-23 23:48:10, SEbox_0038, 0, b'0-0,1-0,2-0,3-0,4-0,5-0,6-0,7-0,8-0,9-0,10-0'
29-Apr-23 23:48:10, PEbox_0038, 0, b'0-0,1-0,2-0,3-0,4-0,5-0,6-0,7-0,8-0,9-0,10-245284230'
29-Apr-23 23:48:10, SEbox_0039, 0, b'0-0,1-12,2-0,3-0,4-0,5-0,6-0,7-0,8-0,9-0,10-0'
29-Apr-23 23:48:10, PEbox_0039, 0, b'0-0,1-0,2-0,3-0,4-0,5-0,6-0,7-0,8-0,9-0,10-1342344299'
29-Apr-23 23:48:10, PEbox_0030, 0, b'0-0,1-0,2-0,3-0,4-0,5-0,6-0,7-0,8-0,9-0,10-315316239'
29-Apr-23 23:48:10, SEbox_0060, 0, b'0-0,1-0,2-0,3-0,4-0,5-0,6-0,7-0,8-0,9-0,10-0'
29-Apr-23 23:48:10, PEbox_0060, 0, b'0-0,1-0,2-0,3-0,4-0,5-0,6-0,7-0,8-0,9-0,10-168620936'
29-Apr-23 23:48:10, SEbox_0061, 0, b'0-0,1-0,2-0,3-0,4-0,5-0,6-0,7-0,8-0,9-0,10-0'
29-Apr-23 23:48:10, PEbox_0061, 0, b'0-0,1-0,2-0,3-0,4-0,5-0,6-0,7-0,8-0,9-0,10-166638219'
29-Apr-23 23:48:10, SEbox_0062, 0, b'0-0,1-0,2-0,3-0,4-0,5-0,6-0,7-0,8-0,9-0,10-0'
29-Apr-23 23:48:10, PEbox_0062, 0, b'0-0,1-0,2-0,3-0,4-0,5-0,6-0,7-0,8-0,9-0,10-173138529'
29-Apr-23 23:48:10, SEbox_0063, 0, b'0-0,1-0,2-0,3-0,4-0,5-0,6-0,7-0,8-0,9-0,10-0'
29-Apr-23 23:48:10, PEbox_0063, 0, b'0-0,1-0,2-0,3-0,4-0,5-0,6-0,7-0,8-0,9-0,10-165845058'
29-Apr-23 23:48:10, SEbox_0064, 0, b'0-0,1-0,2-0,3-0,4-0,5-0,6-0,7-0,8-0,9-0,10-5'
29-Apr-23 23:48:10, PEbox_0064, 0, b'0-0,1-0,2-0,3-0,4-0,5-0,6-0,7-0,8-0,9-0,10-161106710'
29-Apr-23 23:48:10, SEbox_0065, 0, b'0-0,1-0,2-0,3-0,4-0,5-0,6-0,7-0,8-0,9-0,10-0'
29-Apr-23 23:48:10, PEbox_0065, 0, b'0-0,1-0,2-0,3-0,4-0,5-0,6-0,7-0,8-0,9-0,10-169349406'
29-Apr-23 23:48:10, SEbox_0066, 0, b'0-0,1-0,2-0,3-0,4-0,5-0,6-0,7-0,8-0,9-0,10-0'
29-Apr-23 23:48:10, PEbox_0066, 0, b'0-0,1-0,2-0,3-0,4-0,5-0,6-0,7-0,8-0,9-0,10-164167276'
29-Apr-23 23:48:10, SEbox_0067, 0, b'0-6,1-0,2-0,3-0,4-0,5-0,6-0,7-0,8-0,9-0,10-0'
29-Apr-23 23:48:10, PEbox_0067, 0, b'0-0,1-0,2-0,3-0,4-0,5-0,6-0,7-0,8-0,9-0,10-169671504'
29-Apr-23 23:48:10, SEbox_0068, 0, b'0-0,1-0,2-0,3-0,4-0,5-0,6-0,7-0,8-0,9-0,10-5'
29-Apr-23 23:48:10, PEbox_0068, 0, b'0-0,1-0,2-0,3-0,4-0,5-0,6-0,7-0,8-0,9-0,10-79384495'
29-Apr-23 23:48:10, SEbox_0070, 0, b'0-0,1-0,2-0,3-0,4-0,5-0,6-0,7-0,8-0,9-0,10-0'
29-Apr-23 23:48:10, PEbox_0070, 0, b'0-0,1-0,2-0,3-0,4-0,5-0,6-0,7-0,8-0,9-0,10-147458068'
29-Apr-23 23:48:10, SEbox_0071, 0, b'0-0,1-0,2-0,3-0,4-0,5-0,6-0,7-0,8-0,9-0,10-0'
29-Apr-23 23:48:10, PEbox_0071, 0, b'0-0,1-0,2-0,3-0,4-0,5-0,6-0,7-0,8-0,9-0,10-204295604'
29-Apr-23 23:48:10, SEbox_0072, 0, b'0-0,1-0,2-0,3-0,4-0,5-0,6-0,7-0,8-0,9-0,10-0'
29-Apr-23 23:48:10, PEbox_0072, 0, b'0-0,1-0,2-0,3-0,4-0,5-0,6-0,7-0,8-0,9-0,10-145970408'
29-Apr-23 23:48:10, SEbox_0073, 0, b'0-0,1-0,2-0,3-0,4-0,5-0,6-0,7-0,8-0,9-0,10-0'
29-Apr-23 23:48:10, PEbox_0073, 0, b'0-0,1-0,2-0,3-0,4-0,5-0,6-0,7-0,8-0,9-0,10-456885917'
29-Apr-23 23:48:10, SEbox_0074, 0, b'0-0,1-0,2-0,3-0,4-0,5-0,6-0,7-0,8-0,9-0,10-0'
29-Apr-23 23:48:10, PEbox_0074, 0, b'0-0,1-0,2-0,3-0,4-0,5-0,6-0,7-0,8-0,9-0,10-552310581'
29-Apr-23 23:48:10, SEbox_0075, 0, b'0-0,1-0,2-0,3-0,4-0,5-0,6-0,7-0,8-0,9-0,10-0'
29-Apr-23 23:48:10, PEbox_0075, 0, b'0-0,1-0,2-0,3-0,4-0,5-0,6-0,7-0,8-0,9-0,10-516503697'
29-Apr-23 23:48:10, SEbox_0076, 0, b'0-0,1-0,2-0,3-0,4-0,5-0,6-0,7-0,8-0,9-0,10-0'
29-Apr-23 23:48:10, PEbox_0076, 0, b'0-0,1-0,2-0,3-0,4-0,5-0,6-0,7-0,8-0,9-0,10-232433413'
29-Apr-23 23:48:10, SEbox_0077, 0, b'0-0,1-0,2-0,3-0,4-0,5-0,6-0,7-0,8-0,9-0,10-0'
29-Apr-23 23:48:10, PEbox_0077, 0, b'0-0,1-0,2-0,3-0,4-0,5-0,6-0,7-0,8-0,9-0,10-958467320'
29-Apr-23 23:48:10, SEbox_0078, 0, b'0-0,1-0,2-0,3-0,4-0,5-0,6-0,7-0,8-0,9-0,10-0'
29-Apr-23 23:48:10, PEbox_0078, 0, b'0-0,1-0,2-0,3-0,4-0,5-0,6-0,7-0,8-0,9-0,10-67346055'
29-Apr-23 23:48:10, SEbox_0079, 0, b'0-0,1-0,2-0,3-0,4-0,5-0,6-0,7-0,8-0,9-0,10-0'
29-Apr-23 23:48:10, PEbox_0079, 0, b'0-0,1-0,2-0,3-0,4-0,5-0,6-0,7-0,8-0,9-0,10-77581416'
29-Apr-23 23:48:10, SEbox_0080, 0, b'0-0,1-0,2-0,3-0,4-0,5-0,6-0,7-0,8-0,9-0,10-0'
29-Apr-23 23:48:10, PEbox_0080, 0, b'0-0,1-0,2-0,3-0,4-0,5-0,6-0,7-0,8-0,9-0,10-117571423'
29-Apr-23 23:48:10, SEbox_0081, 0, b'0-0,1-0,2-0,3-0,4-0,5-0,6-0,7-0,8-0,9-0,10-0'
29-Apr-23 23:48:10, PEbox_0081, 0, b'0-0,1-0,2-0,3-0,4-0,5-0,6-0,7-0,8-0,9-0,10-85382087'
29-Apr-23 23:48:10, SEbox_0082, 0, b'0-0,1-0,2-0,3-0,4-0,5-0,6-0,7-0,8-0,9-0,10-0'
29-Apr-23 23:48:10, PEbox_0082, 0, b'0-0,1-0,2-0,3-0,4-0,5-0,6-0,7-0,8-0,9-0,10-29225933'
29-Apr-23 23:48:10, SEbox_0083, 0, b'0-0,1-0,2-0,3-0,4-0,5-0,6-0,7-0,8-0,9-0,10-0'
29-Apr-23 23:48:10, PEbox_0083, 0, b'0-0,1-0,2-0,3-0,4-0,5-0,6-0,7-0,8-0,9-0,10-61528201'
29-Apr-23 23:48:10, SEbox_0085, 0, b'0-0,1-0,2-0,3-0,4-0,5-0,6-0,7-0,8-0,9-0,10-5'
29-Apr-23 23:48:10, PEbox_0085, 0, b'0-0,1-0,2-0,3-0,4-0,5-0,6-0,7-0,8-0,9-0,10-26537446'
29-Apr-23 23:48:10, SEbox_0086, 0, b'0-0,1-0,2-0,3-0,4-0,5-0,6-0,7-0,8-0,9-0,10-0'
29-Apr-23 23:48:10, PEbox_0086, 0, b'0-0,1-0,2-0,3-0,4-0,5-0,6-0,7-0,8-0,9-0,10-37811388'
29-Apr-23 23:48:10, SEbox_0087, 0, b'0-0,1-0,2-0,3-0,4-0,5-0,6-0,7-0,8-0,9-0,10-0'
29-Apr-23 23:48:10, PEbox_0087, 0, b'0-0,1-0,2-0,3-0,4-0,5-0,6-0,7-0,8-0,9-0,10-6477612'
29-Apr-23 23:48:10, SEbox_0088, 0, b'0-0,1-0,2-0,3-0,4-0,5-0,6-6,7-6,8-6,9-6,10-0'
29-Apr-23 23:48:10, PEbox_0088, 0, b'0-0,1-0,2-0,3-0,4-0,5-0,6-0,7-0,8-0,9-0,10-244786415'
29-Apr-23 23:48:10, SEbox_0089, 0, b'0-0,1-0,2-0,3-0,4-0,5-0,6-0,7-0,8-0,9-0,10-5'
29-Apr-23 23:48:10, PEbox_0089, 0, b'0-0,1-0,2-0,3-0,4-0,5-0,6-0,7-0,8-0,9-0,10-13235706'
29-Apr-23 23:48:10, PEbox_0066, 0, b'0-0,1-0,2-0,3-0,4-0,5-0,6-0,7-0,8-0,9-0,10-164167366'
29-Apr-23 23:48:10, PEbox_0074, 0, b'0-0,1-0,2-0,3-0,4-0,5-0,6-0,7-0,8-0,9-0,10-552310671'
29-Apr-23 23:48:10, SEbox_0078, 0, b'0-0,1-0,2-0,3-0,4-0,5-0,6-0,7-0,8-0,9-0,10-0'
29-Apr-23 23:48:10, PEbox_0088, 0, b'0-0,1-0,2-0,3-0,4-0,5-0,6-0,7-0,8-0,9-0,10-244786505'
